trade_id,draft_year,team_1,team_2,team_1_sends,team_2_sends
1,2020,Senators,Sharks,Erik Karlsson;Francis Perron,"Chris Tierney;Rudolfs Balcers;Josh Norris;Dylan 
Demelo;conditional first round pick (2019 if Sharks fail to qualify 
for 2019 playoffs, else 2020) (2020 #3-Tim Stuetzle);2019 second round
 pick (more favorable of Panthers, Sharks picks);2021 conditional pick (if Sharks sign Karlsson to a contract extension, 
first round if Sharks advance to 2019 Stanley Cup Finals, else second 
round);conditional first round pick (if Karlsson 
is on an Eastern Conference roster (reserve list) during the 2018-19 
season) (not exercised) on 2018-09-13"
2,2020,Hurricanes,Maple Leafs,2020 sixth round pick,Patrick Marleau;first round pick (2020 #13-Seth Jarvis);2020 seventh round pick on 2019-06-22
3,2020,Maple Leafs,Penguins,Kasperi Kapanen;Pontus Aberg;Jesper Lindgren,"Evan Rodrigues;Filip Hallander;David Warsofsky;2020 first round pick on 
2020-08-25"
4,2020,Devils,Coyotes,Taylor Hall;Blake Speers,"Nick Merkley;Nate Schnarr;Kevin Bahl;first round pick (2020 #18-Dawson Mercer);2021 conditional round round pick (first round if Coyotes advance to 
second round of 2020 playoffs and Hall re-signs with Coyotes, second 
round if Coyotes advance to second round of 2020 playoffs or if Hall 
re-signs with Coyotes, else third round) on 
2019-12-16"
5,2020,Rangers,Flames,2020 first round pick;2020 third round pick,2020 first round pick on 2020-10-06
6,2020,Lightning,Canucks,J.T. Miller,"Marek 
Mazanec;2019 third round pick;conditional first 
round pick (2020 if Canucks qualify for 2020 playoffs, else 2021) (2020 
#20-Shakir Mukhamadullin) on 2019-06-22"
7,2020,Rangers,Hurricanes,Brady Skjei,"2020 
first round pick (Hurricanes option of Hurricanes, Maple Leafs pick) on 2020-02-24"
8,2020,Flames,Capitals,2020 first round pick,2020 first round pick;2020 third round pick on 2020-10-06
9,2020,Ducks,Bruins,Ondrej Kase,Axel Andersson;David Backes;2020 first round pick on 2020-02-21
10,2020,Senators,Islanders,Jean-Gabriel Pageau,"first round pick 
(2020 #28-Ridly Greig);2020 second round pick;2022 conditional third round pick (not exercised) on 2020-02-24"
11,2020,Sharks,Lightning,"Barclay Goodrow;2020 third round 
pick","Anthony Greco;2020 first 
round pick on 2020-02-24"
12,2020,Sabres,Sharks,2020 second round pick;2020 fourth round pick,2020 second round pick on 2020-10-07
13,2020,Predators,Devils,P.K. Subban,"Steven 
Santini;Jeremy Davies;2019 second round pick;2020 second round pick on 2019-06-22"
14,2020,Sharks,Sabres,2020 second round pick,"2020 second round pick;2020 fourth round pick on 
2020-10-07"
15,2020,Hurricanes,Rangers,Adam Fox,"2019 second
 round pick;2020 conditional round pick (second 
round if Fox plays 30 NHL games for Rangers in 2019-20, else third 
round) on 2019-04-30"
16,2020,Senators,Maple Leafs,2020 second round pick;2020 third round pick,2020 second round pick on 2020-10-07
17,2020,Red Wings,Oilers,Andreas Athanasiou;Ryan Kuffner,Sam Gagner;2020 second round pick;2021 second round pick on 2020-02-24
18,2020,Golden Knights,"select 
Marc-Andre Fleury in expansion draft to Penguins",Golden Knights agreed,"2020 second round
 pick on 2017-06-21"
19,2020,Canadiens,Blackhawks,"Andrew Shaw;2021 seventh round 
pick","2020 second round pick;2020 seventh round pick;2021 
third round pick on 2019-06-30"
20,2020,Kings,Canucks,Tyler Toffoli,"Tim 
Schaller;rights to Tyler Madden;2020 second round pick;2022 conditional fourth round pick (if Toffoli re-signs 
with Canucks) (not exercised) on 2020-02-17"
21,2020,Senators,Blue Jackets,"Ryan Dzingel;2019 seventh round 
pick","Anthony Duclair;2020 
second round pick;2021 second round pick on 2019-02-23"
22,2020,Red Wings,Capitals,Nick Jensen;2019 fifth round pick,"Madison Bowey;2020 second 
round pick on 2019-02-22"
23,2020,Capitals,Avalanche,Andre Burakovsky,"Scott Kosmachuk;2020 second round pick;2020 
third round pick on 2019-06-28"
24,2020,Canadiens,Blues,Marco Scandella,"2020 
second round pick;2021 conditional fourth round pick
 (if Blues re-sign Scandella before 2020-10-07 or if Blues advance to 
third round of 2020 playoffs and Scandella plays in least half of the 
games) on 2020-02-18"
25,2020,Senators,Islanders,Jean-Gabriel Pageau,"first round pick 
(2020 #28-Ridly Greig);2020 second round pick;2022 conditional third round pick (not exercised) on 2020-02-24"
26,2020,Kings,Golden Knights,Alec Martinez,2020 second round pick;2021 second round pick on 2020-02-19
27,2020,Golden Knights,Stars,Marc Methot,rights to Dylan Ferguson;2020 second round pick on 2017-06-26
28,2020,Maple Leafs,Senators,2020 second round pick,2020 second round pick;2020 third round pick on 2020-10-07
29,2020,Red Wings,Sharks,Gustav Nyquist,"2019
 second round pick (less favorable of Panthers, Sharks picks);2020 conditional round pick (second round if 
Sharks advance to 2019 Stanley Cup Final or if Sharks re-sign Nyquist, 
else third round) on 2019-02-24"
30,2020,Golden Knights,Devils,Nikita Gusev,"2020 
third round pick;2021 second round pick on 2019-07-29"
31,2020,Hurricanes,Sabres,Jeff Skinner,"Cliff 
Pu;2019 second round pick;2020 third round 
pick;2020 sixth round pick on 2018-08-02"
32,2020,Predators,Wild,2019 third round pick,2020 third round pick on 2019-06-22
33,2020,Senators,Jets,Dylan DeMelo,2020 third round pick on 2020-02-18
34,2020,Flames,Rangers,2020 first round pick,2020 first round pick;2020 third round pick on 2020-10-06
35,2020,Avalanche,Maple Leafs,"Tyson Barrie;Alex Kerfoot;2020 
sixth round pick",Nazem Kadri;Calle Rosen;2020 third round pick on 2019-07-01
36,2020,Sharks,Oilers,2020 fourth round pick;2020 fifth round pick,"2020
 third round pick on 2020-10-07"
37,2020,Blue Jackets,Canadiens,Josh Anderson,Max Domi;2020 third round pick on 2020-10-06
38,2020,Avalanche,Coyotes,Carl Soderberg,Kevin Connauton;2020 third round pick on 2019-06-25
39,2020,Blackhawks,Flames,Erik Gustafsson,"2020 
third round pick (more favorable of Flames, Oilers picks) on 2020-02-24"
40,2020,Senators,Blue Jackets,Ian Cole,Nick Moutrey;2020 third round pick on 2018-02-26
41,2020,Devils,Hurricanes,Sami Vatanen,"Fredrik Claesson;Janne Kuokkanen;conditional pick (originally 2020 
third round if Vatanen plays in 12 regular season games in 2020 or 70% 
of 2020 playoff games, 2020 fourth round if Vatanen plays in 5 regular 
season games in 2020; later revised to 2020 third round if Hurricanes 
defeat Rangers in 2020 play-in series and Vatanen plays in 70% of 
Hurricanes playoff games (excluding play-in), 2020 fourth round if 
Hurricanes defeat Rangers in 2020 play-in series and Vatanen plays in at
 least 2 games vs. Rangers and Vatanen plays in less than 70% of 
Hurricanes playoff games, 2020 or 2021 fourth round pick if Hurricanes 
lose to Rangers in 2020 play-in series and Vatanen plays in at least 2 
games vs. Rangers) (2020 #83-Nico Daws) on 2020-02-24"
42,2020,Sharks,Flyers,Justin Braun,"2019 
second round pick;2020 third round pick on 2019-06-18"
43,2020,Canadiens,Capitals,Ilya Kovalchuk,2020 third round pick on 2020-02-23
44,2020,Panthers,Avalanche,"Derick Brassard;2020 conditional 
sixth round pick (if Brassard does not sign an extension with Avalanche)",2020 third round pick on 2019-02-25
45,2020,Rangers,Stars,Mats Zuccarello,"2019
 conditional round pick (first round if Stars advance to third round of 
2019 playoffs and Zuccarello plays in 50% of games in first two rounds, 
else second round);2020 conditional round pick
 (first round if Stars re-sign Zuccarello, else third round) on 2019-02-22"
46,2020,Lightning,Red Wings,Adam Erne,2020 fourth round pick on 2019-08-14
47,2020,Panthers,Senators,Josh Brown,2020 fourth round pick on 2020-10-02
48,2020,Canadiens,Sharks,2019 fourth round pick,2020 fourth round pick on 2019-06-22
49,2020,Red Wings,Kings,2020 second round pick,2020 second round pick;2020 fourth round pick on 2020-10-07
50,2020,Canadiens,Ducks,Nicolas Deslauriers,2020 fourth round pick on 2019-06-30
51,2020,Sharks,Sabres,2020 second round pick,"2020 second round pick;2020 fourth round pick on 
2020-10-07"
52,2020,Predators,Wild,Nick Bonino;2020 second round pick;2020 third round pick,"Luke Kunin;2020 fourth round pick on 
2020-10-07"
53,2020,Canadiens,Jets,Simon Bourque,"Joel 
Armia;Steve Mason;2019 seventh round pick;2020 fourth round pick on 2018-06-30"
54,2020,Flyers,Predators,Wayne Simmonds,"Ryan Hartman;2020 conditional round pick (third round if Predators 
advance to second round of 2019 playoffs, else fourth round) on 2019-02-25"
55,2020,Red Wings,Oilers,Mike Green,"Kyle 
Brodziak;conditional draft pick (2021 third round if Oilers advance to
 2020 conference finals and Green plays in 50% of games, else 2020 
fourth round) (2020 #106-Jan Bednar) on 2020-02-24"
56,2020,Kings,Flames,Oscar Fantenberg,"2020
 conditional round pick (third round if Flames advance to 2019 
conference final and Fantenberg plays in at least 50% of those playoff 
games, else fourth round) on 2019-02-25"
57,2020,Lightning,Flyers,2020 fourth round pick,2020 fourth round pick;2020 fifth round pick on 2020-10-07
58,2020,Devils,Bruins,Marcus Johansson,"2019
 second round pick;2020 fourth round pick on 2019-02-25"
59,2020,Maple Leafs,Golden Knights,Garret Sparks,David Clarkson;2020 fourth round pick on 2019-07-23
60,2020,Canadiens,Lightning,2020 second round pick,2020 fifth round pick;2021 second round pick on 2020-10-07
61,2020,Golden Knights,Red Wings,2022 fourth round pick,2020 fifth round pick on 2020-10-07
62,2020,Sharks,Senators,Mikkel Boedker;Julius Bergman;2020 sixth round pick,"Mike 
Hoffman;Cody Donaghey;2020 fifth round pick on 
2018-06-19"
63,2020,Rangers,Sharks,2020 seventh round pick;2020 seventh round pick,"2020
 fifth round pick on 2020-10-07"
64,2020,Red Wings,Wild,2020 third round pick,"2020 third round pick;2020 fifth 
round pick on 2020-10-07"
65,2020,Flyers,Predators,2020 seventh round pick;2020 seventh round pick,"2020 fifth round pick
 on 2020-10-07"
66,2020,Canadiens,Panthers,2019 fifth round pick,2020 fifth round pick on 2019-06-22
67,2020,Panthers,Maple Leafs,Michael Hutchinson,2020 fifth round pick on 2018-12-29
68,2020,Avalanche,Penguins,2020 fifth round pick;2020 seventh round pick,2020 fifth round pick on 2020-10-07
69,2020,Hurricanes,Joel Edmundson to Canadiens,rights,2020 fifth round pick on 2020-09-12
70,2020,Blues,Hurricanes,"Dominik Bokk;Joel Edmundson;2021 
seventh round pick","Justin 
Faulk;2020 fifth round pick on 2019-09-24"
71,2020,Lightning,Flyers,2020 fourth round pick,2020 fourth round pick;2020 fifth round pick on 2020-10-07
72,2020,Penguins,Avalanche,2020 fifth round pick,2020 fifth round pick;2020 seventh round pick on 2020-10-07
73,2020,Maple Leafs,Unknown,"rights to Martins Dzierkals in a 
3-team trade with Blackhawks, Golden Knights","2020 fifth round pick
 (from Golden Knights) on 2020-02-24"
74,2020,Senators,Lightning,Mike Condon;2020 sixth round pick,"Ryan Callahan;2020 fifth round 
pick on 2019-07-30"
75,2020,Lightning,Senators,"Ryan Callahan;2020 fifth round 
pick","Mike Condon;2020 sixth 
round pick on 2019-07-30"
76,2020,Senators,Sharks,"Mike Hoffman;Cody Donaghey;2020
 fifth round pick","Mikkel Boedker;Julius Bergman;2020 sixth round pick on 
2018-06-19"
77,2020,Hurricanes,Kings,2020 fifth round pick,"2020 sixth round pick;2021
 seventh round pick on 2020-10-07"
78,2020,Hurricanes,Sabres,Jeff Skinner,"Cliff 
Pu;2019 second round pick;2020 third round 
pick;2020 sixth round pick on 2018-08-02"
79,2020,Blues,Wild,2020 fifth round pick,"2020 sixth round pick;2020 
seventh round pick on 2020-10-07"
80,2020,Avalanche,Panthers,2020 third round pick,"Derick Brassard;2020 conditional sixth 
round pick (if Brassard does not sign an extension with Avalanche) on 2019-02-25"
81,2020,Maple Leafs,Hurricanes,Patrick Marleau;first round pick (2020 #13-Seth Jarvis);2020 seventh round pick,2020 sixth round pick on 2019-06-22
82,2020,Maple Leafs,Avalanche,"Nazem Kadri;Calle Rosen;2020 
third round pick","Tyson Barrie;Alexander Kerfoot;2020 sixth round pick on 
2019-07-01"
83,2020,Oilers,Blues,Jakub Jerabek,"2020 
conditional round pick (fifth round if Jerabek appears in more than 50 
regular season games for Blues in 2018-19, else sixth round) on 2018-10-01"
84,2020,Canadiens,Senators,Matthew Peca,Aaron Luchuk;2020 seventh round pick on 2020-02-24
85,2020,Maple Leafs,Sharks,Eric Fehr,2020 seventh round pick on 2018-02-20
86,2020,Canucks,Ducks,Michael Del Zotto,Luke Schenn;2020 seventh round pick on 2019-01-17
87,2020,Coyotes,Devils,2021 seventh round pick,2020 seventh round pick on 2020-10-07
88,2020,Blues,Wild,2020 fifth round pick,"2020 sixth round pick;2020 
seventh round pick on 2020-10-07"
89,2020,Wild,Jets,Matt Hendricks,2020 seventh round pick on 2019-02-25
90,2020,Sharks,Rangers,2020 fifth round pick,2020 seventh round pick;2020 seventh round pick on 2020-10-07
91,2020,Rangers,Predators,Cody McLeod,2020 seventh round pick on 2019-02-06
92,2020,Hurricanes,Maple Leafs,2020 sixth round pick,Patrick Marleau;first round pick (2020 #13-Seth Jarvis);2020 seventh round pick on 2019-06-22
93,2020,Sharks,Penguins,2019 seventh round pick,2020 seventh round pick on 2019-06-22
94,2020,Flyers,Canadiens,2019 seventh round pick,2020 seventh round pick on 2019-06-22
95,2020,Canadiens,Blackhawks,"Andrew Shaw;2021 seventh round 
pick","2020 second round pick;2020 seventh round pick;2021 
third round pick on 2019-06-30"
96,2020,Rangers,Canucks,Marek Mazanec,2020 seventh round pick on 2019-02-12
97,2020,Ducks,Blue Jackets,"conditional seventh round pick 
(2022 if Ducks do not send 2022 seventh round pick to Oilers from 
earlier trade, else 2023)","2020
 seventh round pick on 2020-10-07"
98,2020,Predators,Flyers,2020 fifth round pick,2020 seventh round pick;2020 seventh round pick on 2020-10-07
99,2020,Sharks,Capitals,2019 fifth round pick,2019 seventh round pick;2020 seventh round pick on 2019-06-22
100,2020,Penguins,Avalanche,2020 fifth round pick,2020 fifth round pick;2020 seventh round pick on 2020-10-07
101,2020,Maple Leafs,Blues,2019 seventh round pick,2020 seventh round pick on 2019-06-22
102,2020,Maple Leafs,Bruins,2021 seventh round pick,2020 seventh round pick on 2020-10-07
103,2020,Sabres,Stars,Taylor Fedun,"2020 
conditional seventh round pick (if Fedun plays in 25 regular season or 
playoff games with Stars in 2018-19) on 2018-11-10"
104,2021,Coyotes,Canucks,Oliver Ekman-Larsson;Conor Garland,"Loui Eriksson;Jay Beagle;Antoine Roussel;2021 
first round pick;2022 second round pick;2023 seventh round pick 
on 2021-07-23"
105,2021,Blue Jackets,Blackhawks,Seth Jones;2021 first round pick;2022 sixth round pick,"Adam Boqvist;2021 first round pick;2021 second round pick;first 
round pick (2022 #6-David
 Jiricek) on 2021-07-23"
106,2021,Sabres,Flyers,Rasmus Ristolainen,"Robert Hagg;2021 first round pick;2023 second round
 pick on 2021-07-23"
107,2021,Red Wings,Stars,"2021 first round pick;2021 second round pick;2021 fifth 
round pick",2021 first round pick on 2021-07-23
108,2021,Wild,Oilers,2021 first round pick;2021 third round pick,2021 first round pick on 2021-07-23
109,2021,Oilers,Wild,2021 first round pick,2021 first round pick;2021 third round pick on 2021-07-23
110,2021,Red Wings,Capitals,Anthony Mantha,Jakub Vrana;Richard Panik;2021 first round pick;2022 second round pick on 2021-04-12
111,2021,Blue Jackets,Unknown,"Nick Foligno in a 3-team trade with 
Maple Leafs, Sharks",2021 first round pick (from Maple Leafs);2022 fourth round pick (from Maple Leafs) on 2021-04-11
112,2021,Wild,Penguins,Jason Zucker,"Alex 
Galchenyuk;Calen Addison;first round pick (2020 if Penguins qualify 
for 2020 playoffs, else Penguins option of 2020, 2021) (2020 #25-Carson 
Lambos) on 2020-02-10"
113,2021,Predators,Hurricanes,2021 second round pick;2021 second round pick,2021 first round pick on 2021-07-23
114,2021,Devils,Islanders,Travis Zajac;Kyle Palmieri,"A.J. Greer;Mason Jobst;2021 first round pick;conditional draft pick (2022 or 2023 third round 
pick (Islanders choice) if Islanders advance to 2021 Stanley Cup Finals,
 else 2022 fourth round) on 2021-04-07"
115,2021,Blue Jackets,Unknown,"David Savard in a 3-team trade with 
Lightning, Red Wings",2021 first round pick (from Lightning);2022 third round pick (from Lightning) on 2021-04-10
116,2021,Golden Knights,Devils,Nikita Gusev,"2020 
third round pick;2021 second round pick on 2019-07-29"
117,2021,Senators,Blue Jackets,"Ryan Dzingel;2019 seventh round 
pick","Anthony Duclair;2020 
second round pick;2021 second round pick on 2019-02-23"
118,2021,Golden Knights,Red Wings,2021 second round pick,2021 second round pick;2021 fourth round pick on 2021-07-24
119,2021,Senators,Sharks,Erik Karlsson;Francis Perron,"Chris Tierney;Rudolfs Balcers;Josh Norris;Dylan 
Demelo;conditional first round pick (2019 if Sharks fail to qualify 
for 2019 playoffs, else 2020) (2020 #3-Tim Stuetzle);2019 second round
 pick (more favorable of Panthers, Sharks picks);2021 conditional pick (if Sharks sign Karlsson to a contract extension, 
first round if Sharks advance to 2019 Stanley Cup Finals, else second 
round);conditional first round pick (if Karlsson 
is on an Eastern Conference roster (reserve list) during the 2018-19 
season) (not exercised) on 2018-09-13"
120,2021,Predators,Kings,Viktor Arvidsson,"2021
 second round pick;2022 third round pick on 2021-07-01"
121,2021,Kings,Senators,2021 second round pick;2021 fifth round pick,"2021 
second round pick on 2021-07-24"
122,2021,Blue Jackets,Blackhawks,Seth Jones;2021 first round pick;2022 sixth round pick,"Adam Boqvist;2021 first round pick;2021 second round pick;first 
round pick (2022 #6-David
 Jiricek) on 2021-07-23"
123,2021,Red Wings,Unknown,future considerations(?)to Rangers,Marc Staal;2021 second round pick on 2020-09-26
124,2021,Sabres,Blues,Ryan O'Reilly,"Patrik 
Berglund;Vladimir Sobotka;Tage Thompson;first round pick (Blues 
option of 2019 or 2020 if Blues 2019 pick is in top 10, else 2019) (2019
 #31-Ryan Johnson);2021 second round pick on 
2018-07-01"
125,2021,Hurricanes,Predators,2021 first round pick,2021 second round pick;2021 second round pick on 2021-07-23
126,2021,Red Wings,Oilers,Andreas Athanasiou;Ryan Kuffner,Sam Gagner;2020 second round pick;2021 second round pick on 2020-02-24
127,2021,Sabres,Bruins,Taylor Hall;Curtis Lazar,Anders Bjork;2021 second round pick on 2021-04-12
128,2021,Kings,Hurricanes,2021 third round pick;2021 fourth round pick,2021 second round pick on 2021-07-24
129,2021,Islanders,Avalanche,Devon Toews,"2021 
second round pick;2022 second round pick on 2020-10-12"
130,2021,Devils,Islanders,Andy Greene,David Quenneville;2021 second round pick on 2020-02-16
131,2021,Blackhawks,Unknown,"Mattias Janmark;2022 fifth round 
pick in a 3-team trade with Golden Knights, 
Sharks","2021 second round pick (from Golden Knights);2022 third round pick (from Golden Knights) 
on 2021-04-12"
132,2021,Canadiens,Lightning,2020 second round pick,2020 fifth round pick;2021 second round pick on 2020-10-07
133,2021,Rangers,Sabres,Jimmy Vesey,2021 third round pick on 2019-07-01
134,2021,Blues,Sharks,2021 third round pick;2021 sixth round pick,2021 third round pick on 2021-07-24
135,2021,Hurricanes,Kings,2021 second round pick,"2021 third round pick;2021
 fourth round pick on 2021-07-24"
136,2021,Stars,Canucks,Jason Dickinson,2021 third round pick on 2021-07-17
137,2021,Devils,Coyotes,Taylor Hall;Blake Speers,"Nick Merkley;Nate Schnarr;Kevin Bahl;first round pick (2020 #18-Dawson Mercer);2021 conditional round round pick (first round if Coyotes advance to 
second round of 2020 playoffs and Hall re-signs with Coyotes, second 
round if Coyotes advance to second round of 2020 playoffs or if Hall 
re-signs with Coyotes, else third round) on 
2019-12-16"
138,2021,Canadiens,Blackhawks,Andrew Shaw;2021 seventh round pick,"2020 second round pick;2020 seventh round pick;2021 
third round pick on 2019-06-30"
139,2021,Capitals,Rangers,2021 third round pick,2021 third round pick;2021 sixth round pick on 2021-07-24
140,2021,Sharks,Blues,2021 third round pick,2021 third round pick;2021 sixth round pick on 2021-07-24
141,2021,Hurricanes,Predators,2021 third round pick,2021 third round pick;2021 fifth round pick on 2021-07-24
142,2021,Flames,Oilers,James Neal,"Milan 
Lucic;2020 conditional third round pick (originally if Neal scores at 
least 21 goals in 2019-20 and Lucic scores at least 10 fewer goals than 
Neal in 2019-20); later modified by NHL to 2020 or 2021 third round pick
 (Oilers option) (2021 #83-Kirill Kirsanov) on 2019-07-19"
143,2021,Sharks,Capitals,Brenden Dillon,"2020
 second round pick;conditional third round pick 
(2020 third round if Capitals win 2020 Stanley Cup, else 2021 third 
round) (2021 #86-Dmitri Kostenko) on 2020-02-18"
144,2021,Sabres,Panthers,Brandon Montour,2021 third round pick on 2021-04-10
145,2021,Kings,Maple Leafs,Jack Campbell;Kyle Clifford,"Trevor Moore;2020 third round pick;2021 conditional round round pick (originally second round
 if Clifford re-signs with Maple Leafs or if Maple Leafs qualify for 
2020 playoffs and Campbell wins 6 regular season games, else third 
round; later revised to second round if Maple Leafs win 2020 qualifying 
round series and Campbell wins 2 games or if Clifford re-signs with 
Maple Leafs, else third round) on 2020-02-05"
146,2021,Sharks,Penguins,Patrick Marleau,"2021 conditional round pick (second round if Penguins win 2020 Stanley 
Cup, else third round) on 2020-02-24"
147,2021,Blackhawks,Hurricanes,2022 third round pick,2021 third round pick on 2021-07-24
148,2021,Red Wings,Golden Knights,Tomas Tatar,"2018 first round pick;2019 second round pick;2021 third round pick 
on 2018-02-26"
149,2021,Sabres,Canadiens,Eric Staal,"2021 
third round pick;2021 fifth round pick on 2021-03-26"
150,2021,Golden Knights,Red Wings,2021 fourth round pick;2021 fifth round pick,2021 fourth round pick on 2021-07-24
151,2021,Rangers,Kings,Brendan Lemieux,2021 fourth round pick on 2021-03-27
152,2021,Blackhawks,Canucks,Madison Bowey;2021 fifth round pick,2021 fourth round pick on 2021-04-12
153,2021,Rangers,Senators,Vladislav Namestnikov,Nick Ebert;2021 fourth round pick on 2019-10-07
154,2021,Kings,Flames,Derek Forbort,"conditional year/round pick (2022 third if Flames advance to 2020 
conference finals and Forbort plays in 50% of games or if Forbort 
re-signs with Flames, else 2021 fourth) (2021 #108-Jackson Blake) on 
2020-02-24"
155,2021,Canadiens,Blues,Marco Scandella,"2020 
second round pick;2021 conditional fourth round pick
 (if Blues re-sign Scandella before 2020-10-07 or if Blues advance to 
third round of 2020 playoffs and Scandella plays in least half of the 
games) on 2020-02-18"
156,2021,Golden Knights,Jets,Cody Eakin,"2021 
conditional round pick (third round if Jets qualify for 2019-20 playoffs
 or if Jets re-sign Eakin before 2020-07-05, else fourth round) on 2020-02-21"
157,2021,Sharks,Unknown,"Stefan Noesen in a 3-team trade with 
Blue Jackets, Maple Leafs","2021 fourth round pick (from Maple 
Leafs)on 2021-04-11"
158,2021,Coyotes,Penguins,"Alex Galchenyuk;Pierre-Olivier 
Joseph","Phil Kessel;Dane Birks;2021 fourth round 
pick on 2019-06-29"
159,2021,Senators,Hurricanes,2021 fifth round pick;2021 sixth round pick,2021 fourth round pick on 2021-07-24
160,2021,Senators,Avalanche,Vladislav Namestnikov,2021 fourth round pick on 2020-02-24
161,2021,Canadiens,Golden Knights,Nick Cousins,2021 fourth round pick on 2020-02-24
162,2021,Wild,Canadiens,2021 fifth round pick;2021 seventh round pick,2021 fourth round pick on 2021-07-24
163,2021,Red Wings,Unknown,"Brian Lashoff in a 3-team trade with 
Blue Jackets, Lightning",2021 fourth round pick (from Lightning) on 2021-04-10
164,2021,Devils,Sabres,Wayne Simmonds,"2021 
conditional round pick (fourth round if Simmonds plays in 10 regular 
season games and Sabres qualify for 2020 playoffs, else fifth round) on 2020-02-24"
165,2021,Blue Jackets,Devils,Ryan Murray,2021 fifth round pick on 2020-10-08
166,2021,Senators,Kings,2021 second round pick,"2021 second round pick;2021 
fifth round pick on 2021-07-24"
167,2021,Canadiens,Senators,Mike Reilly,Andrew Sturtz;2021 fifth round pick on 2020-01-02
168,2021,Canucks,Blackhawks,2021 fourth round pick,Madison Bowey;2021 fifth round pick on 2021-04-12
169,2021,Canadiens,Flyers,Nate Thompson,2021 fifth round pick on 2020-02-24
170,2021,Hurricanes,Predators,2021 third round pick,2021 third round pick;2021 fifth round pick on 2021-07-24
171,2021,Senators,Oilers,Tyler Ennis,2021 fifth round pick on 2020-02-24
172,2021,Canadiens,Wild,2021 fourth round pick,"2021 fifth round pick;2021 
seventh round pick on 2021-07-24"
173,2021,Golden Knights,Hurricanes,Erik Haula,"Nicolas Roy;2021 conditional fifth round pick (if Haula is on 
Hurricanes roster past 2019-20 season or if Hurricanes trade Haula for a
 player, multiple draft picks, or a draft pick in rounds 1-5) on 2019-06-26"
174,2021,Sharks,Avalanche,Devan Dubnyk,Greg Pateryn;2021 fifth round pick on 2021-04-10
175,2021,Capitals,Golden Knights,Chandler Stephenson,2021 fifth round pick on 2019-12-02
176,2021,Sabres,Canadiens,Eric Staal,"2021 
third round pick;2021 fifth round pick on 2021-03-26"
177,2021,Flames,Kings,2021 third round pick,2021 third round pick;2021 sixth round pick on 2021-07-24
178,2021,Hurricanes,Senators,2021 fourth round pick,2021 fifth round pick;2021 sixth round pick on 2021-07-24
179,2021,Capitals,Rangers,2021 third round pick,2021 third round pick;2021 sixth round pick on 2021-07-24
180,2021,Sharks,Blues,2021 third round pick,2021 third round pick;2021 sixth round pick on 2021-07-24
181,2021,Canucks,Jets,Jordie Benn,2021 sixth round pick on 2021-04-12
182,2021,Oilers,Penguins,John Marino,"2021 
conditional sixth round pick (if Penguins sign Marino or if Penguins 
trade Marino's rights) on 2019-07-26"
183,2021,Sabres,Avalanche,Jonas Johansson,2021 sixth round pick on 2021-03-20
184,2021,Penguins,Ducks,Erik Gudbranson,Andreas Martinsen;2021 seventh round pick on 2019-10-25
185,2021,Lightning,Devils,Louis Domingue,"2021 
conditional seventh round pick (if Domingue plays in 7 regular season 
games or 1 playoff game for the Devils in the 2019-20 season, or is 
traded by the Devils prior to the 2020 draft) on 
2019-11-01"
186,2021,Blues,Red Wings,2020 seventh round pick,"2021 seventh round pick
 on 2020-10-07"
187,2021,Hurricanes,Kings,2020 fifth round pick,"2020 sixth round pick;2021
 seventh round pick on 2020-10-07"
188,2021,Devils,Coyotes,2020 seventh round pick,2021 seventh round pick on 2020-10-07
189,2021,Hurricanes,Blues,Justin Faulk;2020 fifth round pick,"Dominik Bokk;Joel Edmundson;2021 
seventh round pick on 2019-09-24"
190,2021,Panthers,Jets,Bogdan Kiselevich,2021 seventh round pick on 2019-02-25
191,2021,Lightning,Predators,Connor Ingram,2021 seventh round pick on 2019-06-14
192,2021,Canadiens,Wild,2021 fourth round pick,"2021 fifth round pick;2021 
seventh round pick on 2021-07-24"
193,2021,Penguins,Capitals,2020 seventh round pick,2021 seventh round pick on 2020-10-07
194,2021,Blackhawks,Panthers,Lucas Carlsson;Lucas Wallmark,"Brett Connolly;Riley Stillman;rights to Henrik 
Borgstrom;2021 seventh round pick on 2021-04-08"
195,2021,Bruins,Maple Leafs,2020 seventh round pick,2021 seventh round pick on 2020-10-07
196,2021,Blackhawks,Canadiens,"2020 second round pick;2020 seventh round pick;2021 third round
 pick","Andrew Shaw;2021 seventh 
round pick on 2019-06-30"
197,2022,Blue Jackets,Blackhawks,Seth Jones;2021 first round pick;2022 sixth round pick,"Adam Boqvist;2021 first round pick;2021 second round pick;first 
round pick (2022 #6-David
 Jiricek) on 2021-07-23"
198,2022,Blackhawks,Senators,Alex DeBrincat,2022 first round pick;2022 second round pick;2024 third round pick on 2022-07-07
199,2022,Coyotes,Sharks,"2022 first round pick;2022 second round pick;2022 second round
 pick",2022 first round pick on 2022-07-07
200,2022,Canadiens,Islanders,"Alexander Romanov;2022 fourth 
round pick",2022 first round pick on 2022-07-07
201,2022,Sabres,Golden Knights,"Jack Eichel;conditional third round
 pick (2023 third round pick if Golden Knights 2022 first round pick is 
not in top 10, else 2024 third round pick) (2023 #77-Mathieu Cataford)","Alex Tuch;Peyton Krebs;first round pick (2022 #16-Noah Ostlund);conditional second round pick (2023 second round pick if Golden Knights
 2022 first round pick is not in top 10, else 2024 second round pick) 
(2023 #64-Riley Heidt) on 2021-11-04"
202,2022,Wild,Kings,Kevin Fiala,rights to Brock Faber;2022 first round pick on 2022-06-29
203,2022,Ducks,Bruins,Hampus Lindholm;Kodie Curran,"Urho Vaakanainen;John Moore;2022 first round pick;2023 second round pick;2024 
second round pick on 2022-03-19"
204,2022,Blackhawks,Maple Leafs,2022 second round pick,Petr Mrazek;2022 first round pick on 2022-07-07
205,2022,Canadiens,Flames,Tyler Toffoli,"Tyler 
Pitlick;rights to Emil Heineman;draft pick(s) (2022 first round 
pick; if pick is in top 10 Flames have option of 2023 first round pick, 
2024 fourth round pick) (2022 #26-Filip Mesar);2023 fifth round pick on 2022-02-14"
206,2022,Sabres,Sam Reinhart to Panthers,rights,rights to Devon Levi;first round pick (2022 #28-Jiri Kulich) on 2021-07-24
207,2022,Coyotes,Oilers,2022 first round pick,Zack Kassian;2022 first round pick;2024 third round pick;2025 second round pick on 2022-07-07
208,2022,Jets,Rangers,Andrew Copp;2023 sixth round pick,"Morgan Barron;2022 conditional
 round pick (first round if Rangers advance to 2022 Eastern Conference 
Finals and Copp plays in at least 50% of Rangers playoff games, else 
second round);second round pick (Jets choice of 
2022 Blues pick or 2023 Rangers pick) (2022 #55-Elias Salomonsson);2023 fifth round pick on 2022-03-21"
209,2022,Coyotes,Avalanche,Darcy Kuemper,"Conor Timmins;2022 first round pick;2024 
conditional third round pick (if Avalanche win Stanley Cup in 2021-22 
and Kuemper plays in 50% of playoff games) on 
2021-07-28"
210,2022,Sharks,Coyotes,2022 first round pick,2022 first round pick;2022 second round pick;2022 second round pick on 2022-07-07
211,2022,Coyotes,Unknown,future considerations(?)to Flyers,Shayne Gostisbehere;2022 second round pick;2022 seventh round pick on 2021-07-22
212,2022,Capitals,Devils,"Vitek Vanecek;2022 second round 
pick",2022 second round pick;2022 third round pick on 2022-07-08
213,2022,Maple Leafs,Blackhawks,Petr Mrazek;2022 first round pick,2022 second round pick on 2022-07-07
214,2022,Blackhawks,Senators,Alex DeBrincat,"2022
 first round pick;2022 second round pick;2024 third round pick on 2022-07-07"
215,2022,Coyotes,Sharks,Adin Hill;2022 seventh round pick,"Josef Korenar;2022 second round 
pick on 2021-07-17"
216,2022,Coyotes,Unknown,future considerations(?)to Islanders,"Andrew Ladd;2021 second round pick;2022 second round pick (more favorable of Avalanche, 
Islanders picks);2023 conditional third round 
pick (if Ladd appears in at least 1 game in 2022-23 and does not retire 
prior to end of 2022-23 season) on 2021-07-17"
217,2022,Capitals,Jets,Brenden Dillon,"2022 
second round pick;2023 second round pick on 2021-07-26"
218,2022,Coyotes,Canucks,Oliver Ekman-Larsson;Conor Garland,"Loui Eriksson;Jay Beagle;Antoine Roussel;2021 
first round pick;2022 second round pick;2023 seventh round pick 
on 2021-07-23"
219,2022,Kraken,Predators,Jeremy Lauzon,2022 second round pick on 2022-03-20
220,2022,Red Wings,Capitals,Anthony Mantha,Jakub Vrana;Richard Panik;2021 first round pick;2022 second round pick on 2021-04-12
221,2022,Ducks,Penguins,Rickard Rakell,Calle Clang;Zach Aston-Reese;Dominik Simon;2022 second round pick on 2022-03-21
222,2022,Rangers,Blues,Pavel Buchnevich,Sammy Blais;2022 second round pick on 2021-07-23
223,2022,Blackhawks,Wild,Marc-Andre Fleury,"2022 
conditional round pick (first round if Wild advance to Western 
Conference Finals and Fleury has at least 4 wins in first two rounds, 
else second round) on 2022-03-21"
224,2022,Kraken,Maple Leafs,Mark Giordano;Colin Blackwell,"2022 second round pick;2023 
second round pick;2024 third round pick on 2022-03-20"
225,2022,Flames,Panthers,Sam Bennett;2022 sixth round pick,"rights to Emil Heineman;2022 
second round pick on 2021-04-12"
226,2022,Canadiens,Oilers,Brett Kulak,"William 
Lagesson;conditional second round pick (2022 if Oilers do not advance 
to 2022 Stanley Cup Finals, else 2023) (2022 #62-Lane Hutson);2024 
seventh round pick on 2022-03-21"
227,2022,Senators,Lightning,Marian Gaborik;Anders Nilsson,"Braydon Coburn;Cedric Paquette;2022 second round 
pick on 2020-12-27"
228,2022,Islanders,Avalanche,Devon Toews,"2021 
second round pick;2022 second round pick on 2020-10-12"
229,2022,Blackhawks,Canadiens,Kirby Dach,"2022 
first round pick;2022 third round pick on 2022-07-07"
230,2022,Capitals,Devils,"Vitek Vanecek;2022 second round 
pick",2022 second round pick;2022 third round pick on 2022-07-08
231,2022,Hurricanes,Blackhawks,2021 third round pick,2022 third round pick on 2021-07-24
232,2022,Blues,Red Wings,Ville Husso,2022 third round pick on 2022-07-08
233,2022,Canadiens,Ducks,2021 third round pick,2022 third round pick on 2021-07-24
234,2022,Jets,"Blue 
Jackets",Patrik Laine;Jack Roslovic,Pierre-Luc Dubois;2022 third round pick on 2021-01-23
235,2022,Canucks,Jets,Nate Schmidt,2022 third round pick on 2021-07-27
236,2022,Golden Knights,Canucks,Nate Schmidt,2022 third round pick on 2020-10-12
237,2022,Blackhawks,Unknown,"Mattias Janmark;2022 fifth round 
pick in a 3-team trade with Golden Knights, 
Sharks","2021 second round pick (from Golden Knights);2022 third round pick (from Golden Knights) 
on 2021-04-12"
238,2022,Predators,Kings,Viktor Arvidsson,"2021 
second round pick;2022 third round pick on 2021-07-01"
239,2022,Kings,Penguins,Jeff Carter,"2022 
conditional round pick (second round if Penguins advance to 2021 Stanley
 Cup Final and Carter plays in at least 50% of the games, else third 
round);2023 conditional round pick (third round if
 Carter plays in at least 50 games in 2021-22 season, else fourth round) on 2021-04-12"
240,2022,Senators,Bruins,Mike Reilly,2022 third round pick on 2021-04-11
241,2022,Flames,Maple Leafs,David Rittich,2022 third round pick on 2021-04-11
242,2022,Bruins,Flames,Dan Vladar,2022 third round pick on 2021-07-28
243,2022,Blackhawks,Oilers,Duncan Keith;Tim Soderlund,"Caleb Jones;2022 conditional round pick (second round if 
Oilers advance to 2022 Stanley Cup Finals and Keith is top 4 in playoffs
 time on ice in the first 3 rounds, else third round) on 2021-07-12"
244,2022,Golden Knights,Rangers,Ryan Reaves,2022 third round pick on 2021-07-29
245,2022,Blue Jackets,Unknown,"David Savard in a 3-team trade with 
Lightning, Red Wings",2021 first round pick (from Lightning);2022 third round pick (from Lightning) on 2021-04-10
246,2022,Rangers,Avalanche,Alexandar Georgiev,"2022 third round pick;2022 fifth round 
pick;2023 third round pick on 2022-07-07"
247,2022,Islanders,Canadiens,2022 first round pick,Alexander Romanov;2022 fourth round pick on 2022-07-07
248,2022,Jets,Nathan Smith to Coyotes,Bryan Little;rights,2022 fourth round pick on 2022-03-21
249,2022,Hurricanes,Flyers,"Tony DeAngelo;2022 seventh round 
pick","2022 fourth round pick;2023 third round pick (most favorable of Flyers,
 Panthers, Rangers picks);2024 second round pick on 2022-07-08"
250,2022,Lightning,Blackhawks,"Taylor Raddysh;Boris Katchouk;first round pick 
(2023 #19-Oliver Moore);first round pick (2024 #20-Cole Eiserman)","Brandon Hagel;2022 fourth round pick;2024 
fourth round pick on 2022-03-18"
251,2022,Devils,Islanders,Travis Zajac;Kyle Palmieri,"A.J. Greer;Mason Jobst;2021 first round pick;conditional draft pick (2022 or 2023 third round 
pick (Islanders choice) if Islanders advance to 2021 Stanley Cup Finals,
 else 2022 fourth round) on 2021-04-07"
252,2022,Golden Knights,Jets,Paul Stastny,"Carl 
Dahlstrom;2022 conditional fourth round pick (if Stastny plays 5 games
 with Jets in 2020-21) on 2020-10-09"
253,2022,Red Wings,Golden Knights,2020 fifth round pick,2022 fourth round pick on 2020-10-07
254,2022,Kraken,Capitals,Marcus Johansson,"Daniel Sprong;2022 fourth round pick;2023 sixth 
round pick on 2022-03-21"
255,2022,Blue Jackets,Unknown,"Nick Foligno in a 3-team trade with 
Maple Leafs, Sharks",2021 first round pick (from Maple Leafs);2022 fourth round pick (from Maple Leafs) on 2021-04-11
256,2022,Kraken,Flames,Tyler Pitlick,2022 fourth round pick on 2021-07-22
257,2022,Devils,Oilers,Dmitry Kulikov,"2022 
conditional round pick (third round if Oilers advance to second round of
 2021 playoffs, else fourth round) on 2021-04-12"
258,2022,Panthers,Rangers,Frank Vatrano,"2022 
fourth round pick (less favorable of Jets, Rangers picks) on 2022-03-16"
259,2022,Canadiens,Lightning,2021 fourth round pick,"2022 fourth round pick
 on 2021-07-24"
260,2022,Red Wings,Avalanche,Patrik Nemeth,2022 fourth round pick on 2021-04-09
261,2022,Bruins,Kraken,2022 third round pick,2022 fourth round pick;2022 fifth round pick on 2022-07-08
262,2022,Sabres,Unknown,future considerations(?)to Devils,Will Butcher;2022 fifth round pick on 2021-07-28
263,2022,Golden Knights,Unknown,"2021 second round pick;2022 third round pick;2022 fifth round 
pick in a 3-team trade with Blackhawks, Sharks","Mattias Janmark;Nick DeSimone;2022 fifth round pick (from 
Blackhawks) on 2021-04-12"
264,2022,Golden Knights,Sabres,Colin Miller,"2021 
second round pick;2022 fifth round pick on 2019-06-28"
265,2022,Wild,Sharks,"Devan Dubnyk;2022 seventh round 
pick",2022 fifth round pick on 2020-10-05
266,2022,Devils,Blue Jackets,Keith Kinkaid,2022 fifth round pick on 2019-02-25
267,2022,Senators,Jets,Zach Sanford,2022 fifth round pick on 2022-03-21
268,2022,Senators,Bruins,"Josh Brown;2022 conditional round 
pick (sixth round if Senyshyn plays 5 games with Senators in 2021-22, 
else seventh round)",Zach Senyshyn;2022 fifth round pick on 2022-03-21
269,2022,Ducks,Maple Leafs,Ben Hutton,2022 fifth round pick on 2021-04-12
270,2022,Rangers,Avalanche,Alexandar Georgiev,"2022 third round pick;2022 fifth round 
pick;2023 third round pick on 2022-07-07"
271,2022,Penguins,Liam Gorman to Blackhawks,rights,2022 sixth round pick on 2022-07-08
272,2022,Lightning,Red Wings,Mitchell Stephens,2022 sixth round pick on 2021-07-30
273,2022,Hurricanes,Ducks,Haydn Fleury,Jani Hakanpaa;2022 sixth round pick on 2021-04-12
274,2022,Blackhawks,Blue Jackets,"Adam Boqvist;2021 first round pick;2021 second round pick;first round pick (2022 
#6-David Jiricek)","Seth Jones;2021 first round 
pick;2022 sixth round pick on 
2021-07-23"
275,2022,Ducks,Predators,Korbinian Holzer,Matt Irwin;2022 sixth round pick on 2020-02-24
276,2022,Blue Jackets,Maple Leafs,Riley Nash,"2022 
conditional round round pick (sixth round if Nash appears in 25% of 
Maple Leafs 2021 playoff games, else seventh round) 
on 2021-04-09"
277,2022,Panthers,Flames,"rights to Emil Heineman;2022 second
 round pick","Sam Bennett;2022 sixth
 round pick on 2021-04-12"
278,2022,Blackhawks,Hurricanes,2023 sixth round pick,2022 sixth round pick on 2022-07-08
279,2022,Sharks,Coyotes,"Josef Korenar;2022 second round 
pick","Adin Hill;2022 seventh round 
pick on 2021-07-17"
280,2022,Bruins,Senators,Zach Senyshyn;2022 fifth round pick,"Josh Brown;2022 conditional 
round pick (sixth round if Senyshyn plays 5 games with Senators in 
2021-22, else seventh round) on 2022-03-21"
281,2022,Blue Jackets,Ducks,2020 seventh round pick,"conditional seventh round pick (2022 if Ducks do 
not send 2022 seventh round pick to Oilers from earlier trade, else 
2023) on 2020-10-07"
282,2022,Senators,Sharks,Christian Jaros,Jack Kopacka;2022 seventh round pick on 2021-01-27
283,2022,Hurricanes,Blue Jackets,Gregory Hofmann,2022 seventh round pick on 2021-02-13
284,2022,Senators,Islanders,Braydon Coburn,2022 seventh round pick on 2021-04-11
285,2022,Sabres,Unknown,future considerations(?)to Stars,Ben Bishop;2022 seventh round pick on 2022-06-10
286,2022,Red Wings,Kings,Troy Stecher,2022 seventh round pick on 2022-03-20
287,2022,Panthers,Penguins,2023 seventh round pick,2022 seventh round pick on 2022-07-08
288,2022,Kings,Bruins,2023 seventh round pick,"2022 seventh round pick 
on 2022-07-08"
289,2022,Canadiens,Blues,2020 third round pick;2020 seventh round pick,"Jake Allen;2022 seventh round pick on 
2020-09-02"
290,2022,Sharks,Wild,2022 fifth round pick,Devan Dubnyk;2022 seventh round pick on 2020-10-05
291,2022,Flyers,Hurricanes,"2022 fourth round pick;2023 third round pick (most favorable of Flyers, Panthers, 
Rangers picks);2024 second round pick","Tony DeAngelo;2022 seventh
 round pick on 2022-07-08"
292,2022,Lightning,Rangers,Barclay Goodrow,2022 seventh round pick on 2021-07-17
293,2023,Coyotes,Senators,Jakob Chychrun,"first round pick (2023 
#12-Daniil But);draft pick (first round pick if Senators advance to 
2023 conference finals, 
else 2024 second round pick (Capitals pick));2026 second round pickon 2023-03-01"
294,2023,Canucks,Islanders,Bo Horvat,Anthony Beauvillier;Aatu Raty;first round pick (2023 #17-Axel Sandin Pellikka) on 2023-01-30
295,2023,Blackhawks,Lightning,"Brandon Hagel;2022 fourth round 
pick;2024 fourth round pick","Taylor Raddysh;Boris Katchouk;first round pick (2023 #19-Oliver 
Moore);first round pick (2024 #20-Cole Eiserman) on 2022-03-18"
296,2023,Blue Jackets,Kings,Vladislav Gavrikov;Joonas Korpisalo,"Jonathan Quick;draft pick(s) (2023 first round pick if
 Kings qualify for 2023 playoffs, else 2023 second round pick, 2024 
second round pick) (2023 #22-Oliver Bonk);2024 third round pick on 2023-03-01"
297,2023,Predators,Oilers,"Mattias Ekholm;2024 sixth round 
pick",Tyson Barrie;Reid Schaefer;2023 first round pick;2024 fourth round pick on 2023-02-28
298,2023,Blues,Unknown,"Ryan O'Reilly;Noel Acciari in a 
3-team trade with Maple Leafs, Wild","Adam Gaudette;Mikhail 
Abramov;2023 first round pick (from Maple Leafs);2023 third round pick (Senators pick from Maple Leafs);2024 second round pick (from Maple Leafs) on 2023-02-17"
299,2023,Sharks,Devils,"Timo Meier;Scott Harrington;Santeri Hatakka;Timur Ibragimov;Zachary Emond;2024 fifth round 
pick","Fabian Zetterlund;Andreas 
Johnsson;Shakir Mukhamadullin;Nikita Okhotiuk;first round pick (2023 #26-Quentin Musty);draft pick (2024 first round pick if Devils advance to 2023 conference 
final and Meier plays in at least 50% of games, unprotected in 2025) else 2024 second round pick) 
(2024 #42-Adam Kleber);2024 seventh round pick on 
2023-02-26"
300,2023,Capitals,Unknown,"Dmitry Orlov;Garnet Hathaway in a 
3-team trade with Bruins, Wild","Craig Smith;2023 first round pick
 (from Bruins);2024 third round pick (from Bruins);2025 second round pick (from Bruins) on 2023-02-23"
301,2023,Rangers,Stars,Nils Lundkvist,"first 
round pick (2023 
#29-Theo Lindstein);2025 conditional round pick (third round if 
Lundkvist has 55 points over 2022-23 and 2023-24 regular seasons, else 
fourth round) on 2022-09-19"
302,2023,Canadiens,Panthers,Ben Chiarot,"rights to Ty Smilanic;2022 fourth round pick (less favorable of Jets, 
Rangers picks);first round pick (2023 if 
Panthers 2022 first round pick is not in top 10, else 2024) (2023 
#31-Mikhail Gulyayev) on 2022-03-16"
303,2023,Avalanche,Canadiens,Alex Newhook,"Gianni Fairbrother;2023 first round pick;2023
 second round pick on 2023-06-27"
304,2023,Sabres,Flyers,Rasmus Ristolainen,"Robert Hagg;2021 first round pick;2023 second round
 pick on 2021-07-23"
305,2023,Red Wings,Blues,Nick Leddy;Luke Witkowski,Oskar Sundqvist;Jake Walman;2023 second round pick on 2022-03-21
306,2023,Red Wings,Canucks,Filip Hronek;2023 fourth round pick,"first round pick;2023 second 
round pick on 2023-03-01"
307,2023,Blackhawks,Unknown,future considerations(?)to Senators,Nikita Zaitsev;2023 second round pick;2026 fourth round pickon 2023-02-22
308,2023,Predators,Penguins,Mikael Granlund,2023 second round pick on 2023-03-01
309,2023,Red Wings,Predators,2023 second round pick,2023 second round pick;2023 fifth round pick on 2023-06-29
310,2023,Capitals,Jets,Brenden Dillon,"2022 
second round pick;2023 second round pick on 2021-07-26"
311,2023,Blackhawks,Brent Seabrook to Lightning,rights,Tyler Johnson;2023 second round pick on 2021-07-27
312,2023,Blackhawks,Unknown,"Patrick Kane;Cooper Zech in a 
3-team trade with Coyotes, Rangers","Andy Welinski;rights to Vili 
Saarijarvi;conditional year/round pick (from Rangers) (first round 
pick if Rangers advance to 2023 conference finals, else 2023 second round pick) (2023 
#55-Martin Misiak);2025 fourth round pick (from Rangers) on 2023-02-28"
313,2023,Kraken,Maple Leafs,Mark Giordano;Colin Blackwell,"2022 second round pick;2023 
second round pick;2024 third round pick on 2022-03-20"
314,2023,Ducks,Avalanche,Josh Manson,Drew Helleson;2023 second round pick on 2022-03-14
315,2023,Ducks,Bruins,Hampus Lindholm;Kodie Curran,"Urho Vaakanainen;John Moore;2022 first round pick;2023 second round pick;2024 
second round pick on 2022-03-19"
316,2023,Sabres,Golden Knights,"Jack Eichel;conditional third round
 pick (2023 third round pick if Golden Knights 2022 first round pick is 
not in top 10, else 2024 third round pick) (2023 #77-Mathieu Cataford)","Alex Tuch;Peyton Krebs;first round pick (2022 #16-Noah Ostlund);conditional second round pick (2023 second round pick if Golden Knights
 2022 first round pick is not in top 10, else 2024 second round pick) 
(2023 #64-Riley Heidt) on 2021-11-04"
317,2023,Predators,Sharks,Luke Kunin,John Leonard;2023 third round pick on 2022-07-08
318,2023,Hurricanes,Flyers,"Tony DeAngelo;2022 seventh round 
pick","2022 fourth round pick;2023 third round pick (most favorable of Flyers,
 Panthers, Rangers picks);2024 second round pick on 2022-07-08"
319,2023,Coyotes,Capitals,Johan Larsson,2023 third round pick on 2022-03-21
320,2023,Maple Leafs,Unknown,future considerations(?)to Senators,Matt Murray;2023 third round pick;2024 seventh round pick on 2022-07-11
321,2023,Golden Knights,Sabres,"Alex Tuch;Peyton Krebs;first 
round pick (2022 
#16-Noah Ostlund);conditional second round pick (2023 second round 
pick if Golden Knights 2022 first round pick is not in top 10, else 2024
 second round pick) (2023 #64-Riley Heidt)","Jack Eichel;conditional third round pick (2023 third round pick if Golden Knights 
2022 first round pick is not in top 10, else 2024 third round pick) 
(2023 #77-Mathieu Cataford) on 2021-11-04"
322,2023,Kings,Penguins,Jeff Carter,"2022 
conditional round pick (second round if Penguins advance to 2021 Stanley
 Cup Final and Carter plays in at least 50% of the games, else third 
round);2023 conditional round pick (third round if
 Carter plays in at least 50 games in 2021-22 season, else fourth round) on 2021-04-12"
323,2023,Stars,Predators,2024 third round pick;2024 sixth round pick,2023 third round pick on 2023-06-29
324,2023,Kraken,Flames,Calle Jarnkrok,"2022 
second round pick;2023 third round pick;2024 seventh round pick on 2022-03-16"
325,2023,Coyotes,Unknown,future considerations(?)to Islanders,"Andrew Ladd;2021 second round pick;2022 second round pick (more favorable of Avalanche, 
Islanders picks);2023 conditional third round 
pick (if Ladd appears in at least 1 game in 2022-23 and does not retire 
prior to end of 2022-23 season) on 2021-07-17"
326,2023,Predators,Lightning,Tanner Jeannot,"Cal Foote;2023 third round pick;2023 fourth 
round pick;2023 fifth round pick;2024 second round pick;2025 first
 round pick on 2023-02-26"
327,2023,Ducks,Wild,Nicolas Deslauriers,2023 third round pick on 2022-03-19
328,2023,Sabres,Erik Portillo to Kings,rights,2023 third round pick on 2023-03-01
329,2023,Flyers,Rangers,Justin Braun,2023 third round pick on 2022-03-21
330,2023,Coyotes,Oilers,Nick Bjugstad;Cam Dineen,Michael Kesselring;2023 third round pick on 2023-03-02
331,2023,Canucks,Maple Leafs,Luke Schenn,2023 third round pick on 2023-02-28
332,2023,Penguins,Devils,John Marino,Ty Smith;2023 third round pick on 2022-07-16
333,2023,Rangers,Avalanche,Alexandar Georgiev,"2022 third round pick;2022 fifth round
 pick;2023 third round pick on 2022-07-07"
334,2023,Coyotes,Stars,Scott Wedgewood,"2023 
conditional round pick (third round if Stars qualify for 2022 playoffs, 
else fourth round) on 2022-03-20"
335,2023,Sharks,Hurricanes,Brent Burns;Lane Pederson,"Eetu Makiniemi;rights to Steven Lorentz;2023 third 
round pick (less favorable of Flyers, Hurricanes picks) on 2022-07-13"
336,2023,Flyers,Panthers,Claude Giroux;Connor Bunnaman;German Rubtsov;2024 fifth round pick,"Owen Tippett;2023 third round pick;first 
round pick (2024 #32-Sam
 O'Reilly) on 2022-03-19"
337,2023,Hurricanes,Sharks,2023 third round pick,2023 third round round pick;2023 fourth round pick on 2023-06-29
338,2023,Canucks,Red Wings,"first round pick;2023 second 
round pick","Filip Hronek;2023 
fourth round pick on 2023-03-01"
339,2023,Canadiens,Penguins,Jeff Petry;Ryan Poehling,Mike Matheson;2023 fourth round pick on 2022-07-16
340,2023,Kraken,Jets,Mason Appleton,2023 fourth round pick on 2022-03-20
341,2023,Predators,Lightning,Tanner Jeannot,"Cal Foote;2023 third round pick;2023 fourth 
round pick;2023 fifth round pick;2024 second round pick;2025 first
 round pick on 2023-02-26"
342,2023,Red Wings,Wild,Oskar Sundqvist,2023 fourth round pick on 2023-03-03
343,2023,Canucks,Rangers,Tyler Motte,2023 fourth round pick on 2022-03-21
344,2023,Flyers,Oilers,Derick Brassard,2023 fourth round pick on 2022-03-21
345,2023,Predators,Maple Leafs,2022 fourth round pick,2023 fourth round pick on 2022-07-08
346,2023,Kraken,Avalanche,Kurtis MacDermid,2023 fourth round pick on 2021-07-27
347,2023,Canadiens,Golden Knights,2022 fourth round pick,2023 fourth round pick on 2022-07-08
348,2023,Sharks,Blue Jackets,2022 fifth round pick,2023 fifth round pick on 2022-07-08
349,2023,Hurricanes,Canucks,Ethan Bear;Lane Pederson,2023 fifth round pick on 2022-10-28
350,2023,Canadiens,Flames,Tyler Toffoli,"Tyler 
Pitlick;rights to Emil Heineman;draft pick(s) (2022 first round 
pick; if pick is in top 10 Flames have option of 2023 first round pick, 
2024 fourth round pick) (2022 #26-Filip Mesar);2023 fifth round pick on 2022-02-14"
351,2023,Predators,Lightning,Tanner Jeannot,"Cal
 Foote;2023 third round pick;2023 fourth round
 pick;2023 fifth round pick;2024 second round pick;2025 first
 round pick on 2023-02-26"
352,2023,Jets,Rangers,Andrew Copp;2023 sixth round pick,"Morgan Barron;2022 conditional
 round pick (first round if Rangers advance to 2022 Eastern Conference 
Finals and Copp plays in at least 50% of Rangers playoff games, else 
second round);second round pick (Jets choice of 
2022 Blues pick or 2023 Rangers pick) (2022 #55-Elias Salomonsson);2023 fifth round pick on 2022-03-21"
353,2023,Rangers,Oilers,Jayden Grubbe,2023 fifth round pick on 2023-05-31
354,2023,Wild,Unknown,"rights to Andrei Svetlakov in a 
3-team trade with Bruins, Capitals","2023 fifth round pick (from 
Bruins) on 2023-02-23"
355,2023,Coyotes,Golden Knights,Dysin Mayo,Shea Weber;2023 fifth round pick on 2023-02-22
356,2023,Coyotes,Blue Jackets,Jon Gillies,Jakub Voracek;2023 sixth round pick on 2023-03-02
357,2023,Hurricanes,Blackhawks,2022 sixth round pick,2023 sixth round pick on 2022-07-08
358,2023,Devils,Sharks,MacKenzie Blackwood,2023 sixth round pick on 2023-06-27
359,2023,Blackhawks,Flyers,2023 second round pick,2023 sixth round pick;2024 second round pick on 2023-06-29
360,2023,Kraken,Capitals,Marcus Johansson,"Daniel Sprong;2022 fourth round pick;2023 sixth 
round pick on 2022-03-21"
361,2023,Flyers,Senators,Patrick Brown,2023 sixth round pick on 2023-03-03
362,2023,Rangers,Jets,"Morgan Barron;2022 conditional 
round pick (first round if Rangers advance to 2022 Eastern Conference 
Finals and Copp plays in at least 50% of Rangers playoff games, else 
second round);second round pick (Jets choice of 
2022 Blues pick or 2023 Rangers pick) (2022 #55-Elias Salomonsson);2023 fifth round pick",Andrew Copp;2023 sixth round pick on 2022-03-21
363,2023,Lightning,Ducks,Alexander Volkov,"Antoine Morand;conditional seventh round pick (2023 if Ducks do not 
send 2023 seventh round pick to Blue Jackets from earlier trade, else 
2024) (2023 #193-Jack Harvey) on 2021-03-24"
364,2023,Panthers,Coyotes,"Anton Stralman;Vladislav 
Kolyachonok;2024 second round pick",2023 seventh round pick on 2021-07-26
365,2023,Coyotes,Canucks,Oliver Ekman-Larsson;Conor Garland,"Loui Eriksson;Jay Beagle;Antoine Roussel;2021 
first round pick;2022 second round pick;2023 seventh round pick 
on 2021-07-23"
366,2023,Sharks,Unknown,"Nick Bonino;rights to Tony Sund;2024 fifth round pick in a 3-team trade with 
Canadiens, Penguins","rights to Arvid Henrikson;2023 seventh round
 pick (from Penguins);2024 conditional round 
pick (from Penguins) (fourth round if Penguins advance to 2023 Eastern 
Conference finals, else fifth round) on 2023-03-03"
367,2023,Senators,Predators,Erik Gudbranson,Brandon Fortunato;2023 seventh round pick on 2021-04-12
368,2023,Bruins,Kings,2022 seventh round pick,2023 seventh round pick on 2022-07-08
369,2023,Senators,Rangers,Tyler Motte,"Julien 
Gauthier;2023 conditional round pick (sixth round (less favorable of 
Jets, Rangers picks) if Rangers advance to second round of 2023 
playoffs, else seventh round) on 2023-02-19"
370,2023,Penguins,Maple Leafs,Jared McCann,Filip Hallander;2023 seventh round pick on 2021-07-17
371,2023,Predators,Devils,2024 seventh round pick,2023 seventh round pick on 2023-06-29
372,2023,Penguins,Panthers,2022 seventh round pick,2023 seventh round pick on 2022-07-08
373,2023,Blue Jackets,Golden Knights,2024 seventh round pick,2023 seventh round pick on 2023-06-29
374,2024,Sharks,Sabres,2024 first round pick;2024 second round pick,2024 first round pick on 2024-06-27
375,2024,Wild,Flyers,2024 first round pick;2025 third round pick,2024 first round pick on 2024-06-28
376,2024,Flyers,Wild,2024 first round pick,"2024 first round pick;2025 
third round pick on 2024-06-28"
377,2024,Sharks,Unknown,"Erik Karlsson;Dillon Hamaliuk;2026 third round pickin a 3-team trade with Canadiens, Penguins","Mikael Granlund;Mike
 Hoffman;Jan Rutta;2024 first round pick (from Penguins) on 2023-08-06"
378,2024,Blackhawks,Islanders,"2024 first round pick;2024 second round pick;2024 second 
round pick","2024 first round pick;2024 second round pick on
 2024-05-24"
379,2024,Blackhawks,Lightning,"Brandon Hagel;2022 fourth round 
pick;2024 fourth round pick","Taylor Raddysh;Boris Katchouk;first round pick (2023 #19-Oliver 
Moore);first round pick (2024 #20-Cole Eiserman) on 2022-03-18"
380,2024,Canadiens,Kings,"2024 first round pick;2024 second round pick;2024 seventh 
round pick",2024 first round pick on 2024-06-28
381,2024,Ducks,Maple Leafs,2024 first round pick;2024 second round pick,2024 first round pick on 2024-06-28
382,2024,Utah,Avalanche,"2024 second round pick;2024 third round pick;2025 second round
 pick",2024 first round pick on 2024-06-28
383,2024,Red Wings,Bruins,Tyler Bertuzzi,"2024
 first round pick;2025 fourth
 round pick on 2023-03-02"
384,2024,Canadiens,Jets,Sean Monahan,"2024 
first round pick;2027 conditional third round 
pick (if Jets win 2024 Stanley Cup) (not exercised) on 2024-02-02"
385,2024,Blackhawks,Hurricanes,2024 second round pick;2024 second round pick,2024 first round pick on 2024-06-28
386,2024,Flames,Canucks,Elias Lindholm,"Andrei Kuzmenko;rights to Hunter Brzustewicz;rights to Joni Jurmo;2024 first round pick;2024 conditional round pick 
(third round if Canucks advance to 2024 conference finals, else fourth 
round (more favorable of Canucks, Devils picks)) 
on 2024-01-31"
387,2024,Ducks,Unknown,"Adam Henrique;Sam Carrick;2024 
seventh round pick;cash in a 3-team trade with 
Lightning, Oilers","2024 first round pick (from Oilers);2025 conditional round pick (from Oilers) (fourth round if 
Oilers win 2024 Stanley Cup, else fifth round) on 
2024-03-06"
388,2024,Flyers,Panthers,Claude Giroux;Connor Bunnaman;German Rubtsov;2024 fifth round pick,"Owen Tippett;2023 third round pick;first 
round pick (2024 #32-Sam
 O'Reilly) on 2022-03-19"
389,2024,Hurricanes,Blackhawks,2024 first round pick,2024 second round pick;2024 second round pick on 2024-06-28
390,2024,Coyotes,Canadiens,Christian Dvorak,"2022 first round pick (more favorable of Canadiens, Hurricanes picks if
 neither of those picks is in top 10, else less favorable of those 
picks);2024 second round pick 
on 2021-09-04"
391,2024,Avalanche,Utan,2024 first round pick,"2024 second round pick;2024
 third round pick;2025 second round pick on 2024-06-28"
392,2024,Sharks,Devils,"Timo Meier;Scott Harrington;Santeri Hatakka;Timur Ibragimov;Zachary Emond;2024 fifth round 
pick","Fabian Zetterlund;Andreas 
Johnsson;Shakir Mukhamadullin;Nikita Okhotiuk;first round pick (2023 #26-Quentin Musty);draft pick (2024 first round pick if Devils advance to 2023 conference 
final and Meier plays in at least 50% of games, unprotected in 2025) else 2024 second round pick) 
(2024 #42-Adam Kleber);2024 seventh round pick on 
2023-02-26"
393,2024,Capitals,Sabres,Beck Malenstyn,2024 second round pick on 2024-06-29
394,2024,Hurricanes,Flyers,"Tony DeAngelo;2022 seventh round 
pick","2022 fourth round pick;2023 third round pick (most favorable of Flyers,
 Panthers, Rangers picks);2024 second round pick on 2022-07-08"
395,2024,Senators,Capitals,Connor Brown,2024 second round pick on 2022-07-13
396,2024,Blackhawks,Islanders,"2024 first round pick;2024 second round pick;2024 second 
round pick","2024 first round pick;2024 second round pick on
 2024-05-24"
397,2024,Capitals,Golden Knights,Anthony Mantha,2024 second round pick;2026 fourth round pickon 2024-03-05
398,2024,Predators,Lightning,Tanner Jeannot,"Cal Foote;2023 third round pick;2023 fourth 
round pick;2023 fifth round pick;2024 second round pick;2025 first
 round pick on 2023-02-26"
399,2024,Flyers,Unknown,"Ivan Provorov;Kevin Connauton;Hayden Hodgson in a 3-team trade with Blue Jackets, Kings","Cal 
Petersen;Sean Walker;Helge Grans;2023 first round pick (from Blue 
Jackets);2024 second round pick (from Kings);2024 or 2025 second round pick (Blue Jackets 
option) (from Blue Jackets) (2025 #45-Eric Nilson) on 2023-06-06"
400,2024,Blues,Unknown,"Ryan O'Reilly;Noel Acciari in a 
3-team trade with Maple Leafs, Wild","Adam Gaudette;Mikhail 
Abramov;2023 first round pick (from Maple Leafs);2023 third round pick (Senators pick from Maple Leafs);2024 second round pick (from Maple Leafs) on 2023-02-17"
401,2024,Canadiens,Avalanche,Artturi Lehkonen,Justin Barron;2024 second round pick on 2022-03-21
402,2024,Ducks,Bruins,Hampus Lindholm;Kodie Curran,"Urho Vaakanainen;John Moore;2022 first round pick;2023 second round pick;2024 
second round pick on 2022-03-19"
403,2024,Predators,Jets,Nino Niederreiter,2024 second round pick on 2023-02-25
404,2024,Blue Jackets,Hurricanes,2024 third round pick;2024 fifth round pick,2024 second round pick on 2024-06-29
405,2024,Blackhawks,Canucks,Riley Stillman,Jason Dickinson;2024 second round pick on 2022-10-07
406,2024,Flames,Unknown,"Chris Tanev in a 3-team trade with 
Devils, Stars","Artem Grushnikov;2024 second round pick (from 
Stars);2026 conditional third round pick (from 
Stars) (not 
exercised) on 2024-02-28"
407,2024,Kraken,Rangers,Alex Wennberg,"2024
 second round pick;2025 conditional round pick
 (third round (Stars pick) if Nils Lundkvist has 55 points over 2022-23 
and 2023-24 regular seasons, else fourth round (Stars pick)) on 2024-03-06"
408,2024,Coyotes,Panthers,2023 seventh round pick,"Anton Stralman;Vladislav 
Kolyachonok;2024 second round pick on 2021-07-26"
409,2024,Ducks,Henry Thrun to Sharks,rights,2024 third round pick on 2023-02-28
410,2024,Hurricanes,Blue Jackets,2024 second round pick,2024 third round pick;2024 fifth round pick on 2024-06-29
411,2024,Avalanche,Utan,2024 first round pick,"2024 second round pick;2024
 third round pick;2025 second round pick on 2024-06-28"
412,2024,Blackhawks,Senators,Alex DeBrincat,"2022 first round pick;2022 second round pick;2024 third round pick (#72-Anthony ""A.J."" 
Spellacy on 2022-07-07"
413,2024,Capitals,Devils,2024 third round pick;2024 fifth round pick,2024 third round pick on 2024-06-29
414,2024,Avalanche,Sabres,2024 third round pick,2024 third round pick;2024 fifth round pick on 2024-06-29
415,2024,Predators,Flyers,2024 second round pick,2024 third round pick;2025 third round pick on 2024-06-29
416,2024,Capitals,Wild,Marcus Johansson,2024 third round pick on 2023-02-28
417,2024,Ducks,Penguins,Dmitry Kulikov,Brock McGinn;2024 third round pick on 2023-03-03
418,2024,Devils,Capitals,2024 third round pick,2024 third round pick;2024 fifth round pick on 2024-06-29
419,2024,Maple Leafs,Islanders,Pierre Engvall,2024 third round pick on 2023-02-28
420,2024,Penguins,Golden Knights,Teddy Blueger,Peter Diliberatore;2024 third round pick on 2023-03-01
421,2024,Sharks,Lightning,"Anthony Duclair;2025 seventh 
round pick","Jack Thompson;2024 
third round pick on 2024-03-07"
422,2024,Blue Jackets,Kings,"Vladislav Gavrikov;Joonas 
Korpisalo","Jonathan Quick;draft pick(s) (2023 first 
round pick if Kings qualify for 2023 playoffs, else 2023 second round 
pick, 2024 second round pick) (2023 #22-Oliver Bonk);2024 third round 
pick on 2023-03-01"
423,2024,Kraken,Maple Leafs,Mark Giordano;Colin Blackwell,"2022 second round pick;2023 
second round pick;2024 third round pick on 2022-03-20"
424,2024,Coyotes,Avalanche,Darcy Kuemper,"Conor Timmins;2022 first round pick;2024 
conditional third round pick (if Avalanche win Stanley Cup in 2021-22 
and Kuemper plays in 50% of playoff games) on 
2021-07-28"
425,2024,Capitals,Unknown,"Dmitry Orlov;Garnet Hathaway in a
 3-team trade with Bruins, Wild","Craig Smith;2023 first round 
pick (from Bruins);2024 third round pick (from 
Bruins);2025 second round pick (from Bruins) on 2023-02-23"
426,2024,Devils,Jets,Tyler Toffoli,"2024 
third round pick;2025 second round pick on 2024-03-08"
427,2024,Blackhawks,Hurricanes,2025 third round pick,2024 third round pick on 2024-06-29
428,2024,Predators,Stars,2023 third round pick,2024 third round pick;2024 sixth round pick on 2023-06-29
429,2024,Blues,Rangers,Vladimir Tarasenko;Niko Mikkola,"Sammy Blais;Hunter Skinner;2023 first round pick 
(less favorable of Rangers, Stars picks);2024 
conditional round pick (third round if Rangers qualify for 2023 
playoffs, else fourth round) on 2023-02-09"
430,2024,Coyotes,Oilers,2022 first round pick,Zack Kassian;2022 first round pick;2024 third round pick;2025 second round pick on 2022-07-07
431,2024,Coyotes,Sharks,Lane Pederson,2024 fourth round pick on 2021-07-28
432,2024,Lightning,Blackhawks,"Taylor Raddysh;Boris Katchouk;first round pick 
(2023 #19-Oliver Moore);first round pick (2024 #20-Cole Eiserman)","Brandon Hagel;2022 fourth round pick;2024 
fourth round pick on 2022-03-18"
433,2024,Canucks,Devils,Curtis Lazar,2024 fourth round pick on 2023-03-03
434,2024,Sabres,Flyers,Erik Johnson,2024 fourth round pick on 2024-03-08
435,2024,Bruins,Wild,"Jakub Lauko;2024 fourth round 
pick","Vinni Lettieri;2024 fourth 
round pick on 2024-06-29"
436,2024,Senators,Red Wings,Alex DeBrincat,"Dominik Kubalik;Donovan Sebrango;first round pick (Red Wings option 
of Bruins, Red Wings 2024 pick); if Bruins pick is in top 10 then Bruins
 have option to send 2025 first round pick (Red Wings option of Red 
Wings, Senators picks));2024 fourth round pick on 2023-07-09"
437,2024,Sharks,Golden Knights,Adin Hill,2024 fourth round pick on 2022-08-29
438,2024,Senators,Lightning,Nick Paul,Mathieu Joseph;2024 fourth round pick on 2022-03-20
439,2024,Lightning,Kings,Tanner Jeannot,"2024 
fourth round pick;2025 second round pick on 2024-06-29"
440,2024,Rangers,Unknown,2024 fourth round pick;2026 seventh round pickto Predators,2024 fourth round pick on 2024-06-29
441,2024,Wild,Bruins,"Vinni Lettieri;2024 fourth round 
pick","Jakub Lauko;2024 fourth
 round pick on 2024-06-29"
442,2024,Sabres,Jets,2024 fourth round pick,"2024 fourth round pick;2024
 seventh round pick on 2024-06-29"
443,2024,Red Wings,Stars,Vladislav Namestnikov,2024 fourth round pick on 2022-03-21
444,2024,Predators,Rangers,2024 fourth round pick,2024 fourth round pick;2026 seventh round pickon 2024-06-29
445,2024,Predators,Oilers,"Mattias Ekholm;2024 sixth round 
pick",Tyson Barrie;Reid Schaefer;2023 first round pick;2024 fourth round pick on 2023-02-28
446,2024,Canadiens,Unknown,"rights to Arvid Henrikson;cash 
(retained 50% of Bonino's salary) in a 3-team trade with Penguins, 
Sharks",rights to Tony Sund;2024 fifth round pick (from Sharks) on 2023-03-03
447,2024,Canucks,Blackhawks,Anthony Beauvillier,"2024 fifth round pick (most favorable of Blackhawks picks) 
(#$131-Colton Roberts) on 2023-11-28"
448,2024,Avalanche,Ducks,Ben Meyers,2024 fifth round pick on 2024-03-08
449,2024,Hurricanes,Blue Jackets,2024 second round pick,2024 third round pick;2024 fifth round pick on 2024-06-29
450,2024,Avalanche,Kraken,Tomas Tatar,2024 fifth round pick on 2023-12-15
451,2024,Blackhawks,Flames,Ryan Carpenter,2024 fifth round pick on 2022-03-21
452,2024,Wild,Sabres,Jordan Greenway,2023 second round pick;2024 fifth round pick on 2023-03-03
453,2024,Panthers,Flyers,"Owen Tippett;2023 third round 
pick;first round pick (2024 #32-Sam O'Reilly)","Claude 
Giroux;Connor Bunnaman;German Rubtsov;2024 fifth round pick on 2022-03-19"
454,2024,Sharks,Unknown,"Nick Bonino;rights to Tony Sund;2024 fifth round pick in a 3-team trade with 
Canadiens, Penguins","rights to Arvid Henrikson;2023 seventh round
 pick (from Penguins);2024 conditional round 
pick (from Penguins) (fourth round if Penguins advance to 2023 Eastern 
Conference finals, else fifth round) on 2023-03-03"
455,2024,Devils,Capitals,2024 third round pick,2024 third round pick;2024 fifth round pick on 2024-06-29
456,2024,Flyers,Unknown,"Mikhail Vorobyev in a 3-team trade 
with Flames, Golden Knights","2024 fifth round pick (from Golden 
Knights) on 2024-03-06"
457,2024,Flyers,Kings,Zack MacEwen,Brendan Lemieux;2024 fifth round pick on 2023-03-03
458,2024,Blackhawks,Predators,Anthony Beauvillier,2024 fifth round pick on 2024-03-07
459,2024,Sharks,Avalanche,Andrew Cogliano,2024 fifth round pick on 2022-03-21
460,2024,Maple Leafs,Canucks,Sam Lafferty,2024 fifth round pick on 2023-10-08
461,2024,Sabres,Panthers,Kyle Okposo,"Calle
 Sjalin;2024 conditional round pick (fifth round if Panthers win 2024 
Stanley Cup, else seventh round) on 2024-03-08"
462,2024,Canucks,Sharks,Jack Studnicka,Nick Cicek;2024 sixth round pick on 2023-12-15
463,2024,Kings,Ducks,2024 sixth round pick;2024 seventh round pick,2024 sixth round pick on 2024-06-29
464,2024,Hurricanes,Senators,Jamieson Rees,2024 sixth round pick on 2024-03-15
465,2024,Panthers,Kraken,2024 fifth round pick,2024 sixth round pick;2024 seventh round pick on 2024-06-29
466,2024,Flyers,Blues,Kevin Hayes,2024 sixth round pick on 2023-06-27
467,2024,Ducks,Kings,2024 sixth round pick,2024 sixth round pick;2024 seventh round pick on 2024-06-29
468,2024,Oilers,Predators,"Tyson Barrie;Reid Schaefer;2023
 first round pick;2024 fourth round pick","Mattias Ekholm;2024 sixth 
round pick on 2023-02-28"
469,2024,Hurricanes,Unknown,"rights to Kirill Slepets in a 
3-team trade with Ducks, Maple Leafs","2024 sixth round pick (from 
Maple Leafs) on 2024-02-29"
470,2024,Predators,Stars,2023 third round pick,2024 third round pick;2024 sixth round pick on 2023-06-29
471,2024,Lightning,Blackhawks,Corey Perry,2024 seventh round pick on 2023-06-29
472,2024,Oilers,Unknown,"2024 first round pick;conditional year fourth round pick (2025 if Oilers do not win
 2024 Stanley Cup, else 2026) (2025 #127-Aiden Foster);2025 
conditional round pick (fourth round if Oilers win 2024 Stanley Cup, 
else fifth round) in a 3-team trade with Ducks, 
Lightning","Adam Henrique;Sam Carrick;rights to Ty Taylor;2024
 seventh round pick (from Ducks) on 2024-03-06"
473,2024,Golden Knights,Blue Jackets,2023 seventh round pick,2024 seventh round pick on 2023-06-29
474,2024,Kings,Canadiens,2024 first round pick,2024 first round pick;2024 second round pick;2024 seventh round pick on 2024-06-28
475,2024,Lightning,Utah,Mikhail Sergachev,"J.J. Moser;Conor Geekie;2024 seventh round pick;2025 second round pick (Maple Leafs pick) on 
2024-06-29"
476,2024,Maple Leafs,Senators,future considerations (?),Matt Murray;2023 third round pick;2024 seventh round pick on 2022-07-11
477,2024,Panthers,Kraken,2024 fifth round pick,2024 sixth round pick;2024 seventh round pick on 2024-06-29
478,2024,Kraken,Flames,Calle Jarnkrok,"2022
 second round pick;2023 third round pick;2024 seventh round pick on 
2022-03-16"
479,2024,Sharks,Devils,"Timo Meier;Scott Harrington;Santeri Hatakka;Timur Ibragimov;Zachary Emond;2024 fifth round 
pick","Fabian Zetterlund;Andreas 
Johnsson;Shakir Mukhamadullin;Nikita Okhotiuk;first round pick (2023 #26-Quentin Musty);draft pick (2024 first round pick if Devils advance to 2023 conference 
final and Meier plays in at least 50% of games, unprotected in 2025) else 2024 second round pick) 
(2024 #42-Adam Kleber);2024 seventh round pick on 
2023-02-26"
480,2024,Lightning,Wild,Pat Maroon;Maxim Cajkovic,2024 seventh round pick on 2023-07-02
481,2024,Canadiens,Capitals,Joel Edmundson,2024 third round pick;2024 seventh round pick on 2023-07-01
482,2024,Blues,Islanders,Robert Bortuzzo,2024 seventh round pick on 2023-12-08
483,2024,Capitals,Golden Knights,2025 sixth round pick,2024 seventh round pick on 2024-06-29
484,2024,Predators,Lightning,"Ryan McDonagh;2024 fourth round 
pick","2024 seventh round pick;2025 second round pick on
 2024-05-21"
485,2024,Ducks,Kings,2024 sixth round pick,2024 sixth round pick;2024 seventh round pick on 2024-06-29
486,2024,Devils,Predators,2023 seventh round pick,2024 seventh round pick on 2023-06-29
487,2024,Coyotes,Michael Callahan to Bruins,rights,2024 seventh round pick on 2022-02-22
488,2024,Sabres,Jets,2024 fourth round pick,"2024 fourth round pick;2024
 seventh round pick on 2024-06-29"
489,2024,Penguins,Rangers,2023 third round pick,2023 third round pick;2024 seventh round pick on 2023-06-29
490,2024,Canadiens,Oilers,Brett Kulak,"William
 Lagesson;conditional second round pick (2022 if Oilers do not advance
 to 2022 Stanley Cup Finals, else 2023) (2022 #62-Lane Hutson);2024 
seventh round pick on 2022-03-21"
491,2024,Maple Leafs,Panthers,2024 second round pick,2024 seventh round pick;2025 second round pick on 2024-06-29
492,2025,Canucks,Rangers,J.T. Miller;Erik Brannstrom;Jackson Dorrington,Filip Chytil;Vittorio Mancini;first round pick on 2025-01-31
493,2025,Canadiens,Unknown,future considerations(?)to Flames,"Sean Monahan;cond. pick(s) (if Flames 2024 first is #20-32 then Canadiens have option to receive Flames 2024 first; or else: (A) if Panthers 2025 first transfers to Flames then (1) if both Flames and Panthers 2025 firsts are not in top 10 then Canadiens receive better of Flames, Panthers picks; or (2) if Flames 2025 first is in top 10 and Panthers 2025 first is not in top 10 then Canadiens receive Panthers 2025 first; (B) if Panthers 2025 first does not transfer to Flames then (1) if Flames 2025 first is #1 overall then Canadiens receive Flames 2025 third and better of Flames, Panthers 2026 firsts; or (2) if Flames 2025 first is #2-10 then Canadiens receive Flames 2025 first; or (3) if Flames 2025 first is not in top 10 then Canadiens receive Flames 2025 first and (a) if Panthers 2025 first is not in top 10 and (b) Panthers 2025 first has been transferred to another team and (c) Panthers 2025 first is more favorable than Flames then Canadiens receive Flames 2025 fourth) (2025 #16-Victor Eklund) on 2022-08-18"
494,2025,Islanders,Canadiens,Noah Dobson,Emil Heineman;2025 first round pick;2025 first round pick on 2025-06-27
495,2025,Flames,Devils,Jacob Markstrom,Kevin Bahl;first round pick (2025 #18-Cole Reschny) on 2024-06-19
496,2025,Blue Jackets,Wild,David Jiricek;2025 fifth round pick,Daemon Hunt;first round pick (2025 #20-Pyotr Andreyanov);2026 third round pick (Avalanche pick);2026 fourth round pick (Maple Leafs pick);2027 second round pickon 2024-11-30
497,2025,Predators,Senators,2025 first round pick;2025 third round pick,2025 first round pick on 2025-06-27
498,2025,Flyers,Unknown,Sean Walker;2026 fifth round pickto Avalanche,Ryan Johansen;2025 first round pick (2025 #22-Bill Zonnon) on 2024-03-06
499,2025,Predators,Lightning,Tanner Jeannot,Cal Foote;2023 third round pick;2023 fourth round pick;2023 fifth round pick;2024 second round pick;2025 first round pick on 2023-02-26
500,2025,Penguins,Kings,2025 first round pick;2025 second round pick,2025 first round pick on 2025-06-27
501,2025,Blackhawks,Maple Leafs,"Jake McCabe;Sam Lafferty;2024 fifth round pick (least favorable Blackhawks pick at time of draft);2025 conditional round pick (third round if McCabe plays in less than 50% of Maple Leafs 2023 playoff games or less than 25% of Maple Leafs 2023-24 regular season games, else fifth round)",Joey Anderson;Pavel Gogolev;2025 first round pick (2025 #25-Vaclav Nestrasil);2026 second round pickon 2023-02-27
502,2025,Sharks,Unknown,Tomas Hertl;2025 third round pick;2027 third round pickto Golden Knights,David Edstrom;2025 first round pick on 2024-03-08
503,2025,Blackhawks,Unknown,2025 second round pick;2025 second round pick;2027 fifth round pickto Hurricanes,2025 first round pick on 2025-06-27
504,2025,Sharks,Stars,Mikael Granlund;Cody Ceci,"2025 first round pick;2025 conditional round pick (third round if Stars advance to 2025 Stanley Cup finals, else fourth round pick (Jets pick)) on 2025-02-01"
505,2025,Flyers,Oilers,2024 first round pick,first round pick (2025 #31-Henry Brzustewicz) on 2024-06-28
506,2025,Flames,Panthers,"Matthew Tkachuk;fourth round round pick (2025 if Flames send first round pick to Panthers in 2025, else 2026) (2025 #112-Mads Kongsbak Klyvo)","Jonathan Huberdeau;MacKenzie Weegar;Cole Schwindt;first round pick (lottery protected in 2025, unprotected in 2026) (2025 #32-Cullen Potter) on 2022-07-22"
507,2025,Hurricanes,Blackhawks,2025 first round pick,2025 second round pick;2025 second round pick;2027 fifth round pickon 2025-06-27
508,2025,Kraken,Flyers,2025 second round pick;2025 second round pick,2025 second round pick;2025 third round pick on 2025-06-28
509,2025,Capitals,Unknown,"Dmitry Orlov;Garnet Hathaway in a 3-team trade with Bruins, Wild",Craig Smith;2023 first round pick (from Bruins);2024 third round pick (from Bruins);2025 second round pick (from Bruins) on 2023-02-23
510,2025,Flyers,Kraken,2025 second round pick;2025 third round pick,2025 second round pick;2025 second round pick on 2025-06-28
511,2025,Penguins,Sabres,Conor Timmins;Isaac Belliveau,Connor Clifton;2025 second round pick on 2025-06-28
512,2025,Flyers,Ducks,Cutter Gauthier,Jamie Drysdale;2025 second round pick on 2024-01-08
513,2025,Canadiens,Unknown,"Mike Hoffman;Rem Pitlick in a 3-team trade with Penguins, Sharks",Casey DeSmith;Jeff Petry;Nathan Legare;2025 second round pick (from Penguins) on 2023-08-06
514,2025,Coyotes,Rangers,Ty Emberson,Patrik Nemeth;draft pick (Coyotes option of 2024 third round pick or 2026 second round pick) (2026 ?-?);2025 second round pick on 2022-07-13
515,2025,Flyers,Unknown,"Ivan Provorov;Kevin Connauton;Hayden Hodgson in a 3-team trade with Blue Jackets, Kings",Cal Petersen;Sean Walker;Helge Grans;2023 first round pick (from Blue Jackets);2024 second round pick (from Kings);2024 or 2025 second round pick (Blue Jackets option) (from Blue Jackets) (2025 #45-Eric Nilson) on 2023-06-06
516,2025,Flyers,Flames,Morgan Frost;Joel Farabee,Andrei Kuzmenko;Jakob Pelletier;2025 second round pick;2028 seventh round pickon 2025-01-31
517,2025,Hurricanes,Canadiens,2025 second round pick;2025 sixth round pick,2025 second round pick;2025 second round pick on 2025-06-28
518,2025,Penguins,Unknown,future considerations(?)to Blues,Kevin Hayes;2025 second round pick on 2024-06-29
519,2025,Sharks,Senators,Fabian Zetterlund;Tristen Robins;2025 fourth round pick,Zack Ostapchuk;Noah Gregor;2025 second round pick on 2025-03-07
520,2025,Capitals,Avalanche,Lars Eller,2025 second round pick on 2023-03-01
521,2025,Predators,Lightning,Ryan McDonagh;2024 fourth round pick,2024 seventh round pick;2025 second round pick on 2024-05-21
522,2025,Lightning,Kings,Tanner Jeannot,2024 fourth round pick;2025 second round pick on 2024-06-29
523,2025,Coyotes,Maple Leafs,Ryan Dzingel;Ilya Lyubushkin,Nick Ritchie;draft pick (Coyotes choice of 2023 third round pick or 2025 second round pick) (2025 #57-Matthew Gard) on 2022-02-19
524,2025,Predators,Golden Knights,2025 second round pick,2025 second round pick;2025 fourth round pick on 2025-06-28
525,2025,Penguins,Capitals,Anthony Beauvillier,2025 second round pick on 2025-03-07
526,2025,Devils,Jets,Tyler Toffoli,2024 third round pick;2025 second round pick on 2024-03-08
527,2025,Avalanche,Unknown,"Mikko Rantanen in a 3-team trade with Blackhawks, Hurricanes",Jack Drury;Martin Necas;2025 second round pick (from Hurricanes);2026 fourth round pick (from Hurricanes)on 2025-01-24
528,2025,Blackhawks,Stars,Max Domi;Dylan Wells,Anton Khudobin;2025 second round pick on 2023-03-02
529,2025,Coyotes,Oilers,2022 first round pick,Zack Kassian;2022 first round pick;2024 third round pick;2025 second round pick on 2022-07-07
530,2025,Maple Leafs,Panthers,2024 second round pick,2024 seventh round pick;2025 second round pick on 2024-06-29
531,2025,Golden Knights,Sharks,David Edstrom;2025 first round pick,Tomas Hertl;2025 third round pick;2027 third round pickon 2024-03-08
532,2025,Hurricanes,Blackhawks,2024 third round pick,2025 third round pick on 2024-06-29
533,2025,Senators,Predators,2025 first round pick,2025 first round pick;2025 third round pick (#67-;2025 third round pick) on 2025-06-27
534,2025,Kraken,Kraken,2025 second round pick;2025 third round pick,2025 second round pick;2025 second round pick on 2025-06-28
535,2025,Canadiens,Bruins,2025 third round pick;2025 fourth round pick,2025 third round pick on 2025-06-28
536,2025,Rangers,Kraken,Kaapo Kakko,Will Borgen;2025 third round pick;2025 sixth round pick on 2024-12-18
537,2025,Coyotes,Unknown,"rights to Vili Saarijarvi;cash (retained 25% of Kane's salary) in a 3-team trade with Blackhawks, Rangers","2025 third round pick (from Rangers) (more favorable of Rangers, Stars picks if Rangers acquire Stars pick from previous trade, else Rangers pick) on 2023-02-28"
538,2025,Blue Jackets,Unknown,2025 fourth round pick;2026 fourth round pickto Red Wings,2025 third round pick on 2025-06-28
539,2025,Avalanche,Blue Jackets,Charlie Coyle;Miles Wood,"Gavin Brindley;2025 third round pick;2027 second round pick (less favorable of Blue Jackets, Wild picks)on 2025-06-27"
540,2025,Canadiens,Canucks,Casey DeSmith,Tanner Pearson;2025 third round pick on 2023-09-19
541,2025,Canadiens,Devils,Jake Allen,"2025 conditional round round pick (second round if Allen plays 40 or more games in 2024-25 and whichever team he’s on qualifies for the 2025 playoffs, else third round) on 2024-03-08"
542,2025,Flyers,Wild,2024 first round pick,2024 first round pick;2025 third round pick on 2024-06-28
543,2025,Blues,Unknown,future considerations(?)to Senators,Mathieu Joseph;2025 third round pick on 2024-07-02
544,2025,Predators,Graham Sward to Avalanche,Yakov Trenin;rights,Jeremy Hanzel;2025 third round pick on 2024-03-07
545,2025,Hurricanes,Jake Guentzel to Lightning,rights,2025 third round pick on 2024-06-30
546,2025,Ducks,Unknown,"Ilya Lyubushkin in a 3-team trade with Hurricanes, Maple Leafs",2025 third round pick (from Maple Leafs) on 2024-02-29
547,2025,Devils,Golden Knights,Alexander Holtz;Akira Schmid,Paul Cotter;2025 third round pick on 2024-06-29
548,2025,Golden Knights,Capitals,Logan Thompson,2024 third round pick;2025 third round pick on 2024-06-29
549,2025,Capitals,Hurricanes,Evgeny Kuznetsov,2025 third round pick on 2024-03-08
550,2025,Sharks,Oilers,Ty Emberson,Cody Ceci;2025 third round pick on 2024-08-18
551,2025,Senators,Panthers,Vladimir Tarasenko,"conditional draft pick (2024 fourth round pick if Panthers do not win 2024 Stanley Cup, else 2026 third round pick) (2026 ?-?);2025 third round pick on 2024-03-06"
552,2025,Senators,Sharks,Zack Ostapchuk;Noah Gregor;2025 second round pick,Fabian Zetterlund;Tristen Robins;2025 fourth round pick on 2025-03-07
553,2025,Devils,Predators,Erik Haula,Jeremy Hanzel;2025 fourth round pick on 2025-06-18
554,2025,Maple Leafs,Unknown,Nikita Grebenkin;2027 first round pickto Flyers,Scott Laughton;2025 fourth round pick;2027 sixth round pickon 2025-03-07
555,2025,Red Wings,Bruins,Tyler Bertuzzi,2024 first round pick;2025 fourth round pick on 2023-03-02
556,2025,Wild,Kraken,Frederick Gaudreau,2025 fourth round pick on 2025-06-26
557,2025,Rangers,Ducks,Jacob Trouba,"Urho Vaakanainen;2025 fourth round pick (least favorable of (a) Ducks pick, (b) more favorable of Bruins, Red Wings picks) on 2024-12-06"
558,2025,Blackhawks,Unknown,"Patrick Kane;Cooper Zech in a 3-team trade with Coyotes, Rangers","Andy Welinski;rights to Vili Saarijarvi;conditional year/round pick (from Rangers) (first round pick if Rangers advance to 2023 conference finals, else 2023 second round pick) (2023 #55-Martin Misiak);2025 fourth round pick (from Rangers) on 2023-02-28"
559,2025,Canadiens,Red Wings,Jeff Petry,"Gustav Lindstrom;2025 fourth round pick (less favorable of Bruins, Red Wings picks) on 2023-08-15"
560,2025,Red Wings,Blue Jackets,2025 third round pick,2025 fourth round pick;2026 fourth round pickon 2025-06-28
561,2025,Avalanche,Canucks,Erik Brannstrom,Tucker Poolman;2025 fourth round pick on 2024-10-06
562,2025,Panthers,Flames,"Jonathan Huberdeau;MacKenzie Weegar;Cole Schwindt;first round pick (lottery protected in 2025, unprotected in 2026) (2025 #32-Cullen Potter)","Matthew Tkachuk;fourth round round pick (2025 if Flames send first round pick to Panthers in 2025, else 2026) (2025 #112-Mads Kongsbak Klyvo) on 2022-07-22"
563,2025,Blue Jackets,Blues,Alexandre Texier,2025 fourth round pick on 2024-06-28
564,2025,Ducks,Wild,John Klingberg,Andrej Sustr;rights to Nikita Nesterenko;2025 fourth round pick on 2023-03-03
565,2025,Oilers,Senators,Xavier Bourgault;Jake Chiasson,Roby Jarventie;2025 fourth round pick on 2024-07-15
566,2025,Red Wings,Unknown,"rights to Kyle Aucoin in a 3-team trade with Kraken, Lightning","2025 fourth round pick (from Lightning) (more favorable of Lightning, Oilers picks) on 2025-03-05"
567,2025,Wild,Unknown,"Josh Pillar in a 3-team trade with Blues, Maple Leafs",2025 fourth round pick (from Maple Leafs) on 2023-02-17
568,2025,Predators,Golden Knights,2025 second round pick,2025 second round pick;2025 fourth round pick on 2025-06-28
569,2025,Wild,Capitals,Declan Chisholm;2025 sixth round pick,Chase Priskie;2025 fourth round pick on 2025-06-28
570,2025,Sharks,Jets,Vladislav Namestnikov,2025 fourth round pick on 2023-03-03
571,2025,Kings,Hurricanes,2025 third round pick,2025 fourth round pick;2026 third round pick (Stars pick)on 2025-06-28
572,2025,Rangers,Stars,Nils Lundkvist,"first round pick (2023 #29-Theo Lindstein);2025 conditional round pick (third round if Lundkvist has 55 points over 2022-23 and 2023-24 regular seasons, else fourth round) on 2022-09-19"
573,2025,Lightning,Unknown,"rights to Ty Taylor in a 3-team trade with Ducks, Oilers","conditional year fourth round pick (from Oilers) (2025 if Oilers do not win 2024 Stanley Cup, else 2026) (2025 #127-Aiden Foster) on 2024-03-06"
574,2025,Panthers,Sharks,Anthony Duclair,Steven Lorentz;2025 fifth round pick on 2023-07-01
575,2025,Maple Leafs,Unknown,Joey Anderson;Pavel Gogolev;2025 first round pick (2025 #25-Vaclav Nestrasil);2026 second round pickto Blackhawks,"Jake McCabe;Sam Lafferty;2024 fifth round pick (least favorable Blackhawks pick at time of draft);2025 conditional round pick (third round if McCabe plays in less than 50% of Maple Leafs 2023 playoff games or less than 25% of Maple Leafs 2023-24 regular season games, else fifth round) on 2023-02-27"
576,2025,Oilers,Unknown,2026 fifth round pickto Predators,2025 fifth round pick on 2025-06-28
577,2025,Maple Leafs,Penguins,Conor Timmins;Connor Dewar,2025 fifth round pick on 2025-03-07
578,2025,Wild,Unknown,Daemon Hunt;first round pick (2025 #20-Pyotr Andreyanov);2026 third round pick (Avalanche pick);2026 fourth round pick (Maple Leafs pick);2027 second round pickto Blue Jackets,David Jiricek;2025 fifth round pick on 2024-11-30
579,2025,Stars,Devils,Colin Miller,2025 fifth round pick on 2023-07-01
580,2025,Rangers,Wild,Ryan Reaves,2025 fifth round pick on 2022-11-23
581,2025,Sharks,Unknown,Mackenzie Blackwood;Givani Smith;2027 fifth round pickto Avalanche,Alexandar Georgiev;Nikolai Kovalenko;2025 fifth round pick;2026 second round pickon 2024-12-09
582,2025,Penguins,Golden Knights,2025 third round pick,2025 third round pick;2025 fifth round pick on 2025-06-28
583,2025,Flyers,Hurricanes,David Kase,rights to Massimo Rizzo;2025 fifth round pick on 2023-08-09
584,2025,Ducks,Unknown,"Adam Henrique;Sam Carrick;2024 seventh round pick;cash in a 3-team trade with Lightning, Oilers","2024 first round pick (from Oilers);2025 conditional round pick (from Oilers) (fourth round if Oilers win 2024 Stanley Cup, else fifth round) on 2024-03-06"
585,2025,Blue Jackets,Panthers,Daniil Tarasov,2025 fifth round pick on 2025-06-26
586,2025,Devils,Sharks,2024 third round pick,2024 third round pick;2025 sixth round pick on 2024-06-29
587,2025,Rangers,Kraken,Kaapo Kakko,Will Borgen;2025 third round pick;2025 sixth round pick on 2024-12-18
588,2025,Capitals,Wild,Chase Priskie;2025 fourth round pick,Declan Chisholm;2025 sixth round pick on 2025-06-28
589,2025,Predators,Avalanche,Scott Wedgewood,Justus Annunen;2025 sixth round pick on 2024-11-30
590,2025,Hurricanes,Lightning,Lucas Mercuri,2025 sixth round pick on 2025-03-30
591,2025,Golden Knights,Capitals,2024 seventh round pick,2025 sixth round pick on 2024-06-29
592,2025,Canadiens,Hurricanes,2025 second round pick;2025 second round pick,2025 second round pick;2025 sixth round pick on 2025-06-28
593,2025,Lightning,Sharks,Jack Thompson;2024 third round pick,Anthony Duclair;2025 seventh round pick on 2024-03-07
594,2025,Sabres,Predators,Rasmus Asplund,2025 seventh round pick on 2023-03-03
595,2025,Kings,Unknown,2027 third round pickto Flyers,Andrei Kuzmenko;2025 seventh round pick on 2025-03-07
596,2025,Blackhawks,Bruins,Victor Soderstrom,Ryan Mast;2025 seventh round pick on 2025-06-13
597,2025,Blue Jackets,Kraken,2025 seventh round pick;2025 seventh round pick,2025 seventh round pick on 2025-06-28
598,2025,Kraken,Blue Jackets,2025 seventh round pick,2025 seventh round pick;2025 seventh round pick on 2025-06-28
599,2025,Lightning,Unknown,2027 fifth round pickto Coyotes,Matt Dumba;2025 seventh round pick on 2024-03-08
600,2025,Sharks,Devils,Kaapo Kahkonen,Vitek Vanecek;2025 seventh round pick on 2024-03-08
601,2025,Red Wings,Blues,Jakub Vrana,Dylan McLaughlin;2025 seventh round pick on 2023-03-03
602,2025,Lightning,Wild,Zach Bogosian,2025 seventh round pick on 2023-11-08
603,2025,Blue Jackets,Golden Knights,Jonathan Quick,Michael Hutchinson;2025 seventh round pick on 2023-03-02
604,2025,Sharks,Capitals,2023 seventh round pick,2025 seventh round pick on 2023-06-29
